Title,Organization,Course_rating,Count_rating,Level,Certification,Course_time
Google Data Analytics,Google,4.8,"105,4k reseñas",Beginner, Profesional Certificate  ,3-6 Months
Google Project Management:,Google,4.8,77k reseñas,Beginner, Professional Certificate  ,3-6 Months
Google UX Design,Google,4.8,"59,9k reseñas",Beginner, Professional Certificate  ,3-6 Months
Google IT Support,Google,4.8,165k reseñas,Beginner, Professional Certificate  ,3-6 Months
IBM Data Science,IBM Skills Network,4.6,"107,5k reseñas",Beginner, Professional Certificate  ,3-6 Months
Google Digital Marketing & E-commerce,Google,4.8,"11,7k reseñas",Beginner, Professional Certificate  ,3-6 Months
IBM Data Analyst,IBM Skills Network,4.6,"61,9k reseñas",Beginner, Professional Certificate  ,3-6 Months
Machine Learning,"DeepLearning.AI, Stanford University",4.9,"8,9k reseñas",Beginner, Specialization  ,1-3 Months
Introduction to Data Science,IBM Skills Network,4.6,78k reseñas,Beginner, Specialization  ,3-6 Months
Data Science Fundamentals with Python and SQL,IBM Skills Network,4.5,"53,4k reseñas",Beginner, Specialization  ,3-6 Months
Key Technologies for Business,IBM Skills Network,4.7,"74,3k reseñas",Beginner, Specialization  ,1-3 Months
IBM DevOps and Software Engineering,IBM Skills Network,4.6,37k reseñas,Beginner, Professional Certificate  ,3-6 Months
IBM Data Engineering,IBM Skills Network,4.6,41k reseñas,Beginner, Professional Certificate  ,3-6 Months
IBM Full Stack Software Developer,IBM Skills Network,4.6,"35,5k reseñas",Beginner, Professional Certificate  ,3-6 Months
Deep Learning,DeepLearning.AI,4.8,"138,2k reseñas",Intermediate, Specialization  ,3-6 Months
Data Engineering Foundations,IBM Skills Network,4.6,"40,3k reseñas",Beginner, Specialization  ,3-6 Months
IBM Cybersecurity Analyst,IBM,4.6,"19,3k reseñas",Beginner, Professional Certificate  ,3-6 Months
IBM AI Foundations for Business,IBM,4.7,"71,5k reseñas",Beginner, Specialization  ,1-3 Months
Applied Data Science,IBM Skills Network,4.6,"43,8k reseñas",Beginner, Specialization  ,3-6 Months
IBM & Darden Digital Strategy,University of Virginia Darden School Foundation,4.7,"24,1k reseñas",Beginner, Specialization  ,3-6 Months
IBM Data Analytics with Excel and R,IBM Skills Network,4.7,"15,3k reseñas",Beginner, Professional Certificate  ,3-6 Months
Data Analysis and Visualization Foundations,IBM Skills Network,4.7,"14,8k reseñas",Beginner, Specialization  ,3-6 Months
IT Fundamentals for Cybersecurity,IBM,4.6,"17,6k reseñas",Beginner, Specialization  ,3-6 Months
IBM Back-End Development,IBM Skills Network,4.6,"32,4k reseñas",Beginner, Professional Certificate  ,3-6 Months
Applied Software Engineering Fundamentals,IBM Skills Network,4.6,"31,9k reseñas",Beginner, Specialization  ,3-6 Months
IBM Applied AI,IBM Skills Network,4.6,"42,5k reseñas",Beginner, Professional Certificate  ,3-6 Months
Meta Front-End Developer,Meta,4.7,"7,3k reseñas",Beginner, Professional Certificate  ,3-6 Months
IBM Data Warehouse Engineer,IBM Skills Network,4.6,"19,3k reseñas",Beginner, Professional Certificate  ,3-6 Months
Google IT Automation with Python,Google,4.7,"36,5k reseñas",Beginner, Professional Certificate  ,3-6 Months
Foundations of Project Management,Google,4.9,"59,9k reseñas",Beginner, Course  ,1-4 Weeks
Mathematics for Machine Learning and Data Science,DeepLearning.AI,4.4,192 reseñas,Beginner, Specialization  ,1-3 Months
"DevOps, Cloud, and Agile Foundations",IBM Skills Network,4.7,"5,2k reseñas",Beginner, Specialization  ,3-6 Months
"Foundations: Data, Data, Everywhere",Google,4.8,"76,1k reseñas",Beginner, Course  ,1-3 Months
IBM IT Support,IBM Skills Network,4.7,"4,3k reseñas",Beginner, Professional Certificate  ,3-6 Months
Cloud Application Development Foundations,IBM Skills Network,4.6,"4,2k reseñas",Beginner, Specialization  ,3-6 Months
Python for Everybody,University of Michigan,4.8,"261,5k reseñas",Beginner, Specialization  ,3-6 Months
Supervised Machine Learning: Regression and Classification,DeepLearning.AI,4.9,"7,7k reseñas",Beginner, Course  ,1-4 Weeks
Information Technology (IT) and Cloud Fundamentals,IBM Skills Network,4.7,"4,1k reseñas",Beginner, Specialization  ,3-6 Months
Technical Support Fundamentals,Google,4.8,134k reseñas,Beginner, Course  ,1-3 Months
"BI Foundations with SQL, ETL and Data Warehousing",IBM Skills Network,4.6,"17,8k reseñas",Beginner, Specialization  ,3-6 Months
Meta React Native,Meta,4.7,"3,1k reseñas",Beginner, Specialization  ,3-6 Months
Meta Social Media Marketing,Meta,4.8,"14,7k reseñas",Beginner, Professional Certificate  ,3-6 Months
Business Foundations,University of Pennsylvania,4.7,"23,2k reseñas",Beginner, Specialization  ,3-6 Months
Foundations of User Experience (UX) Design,Google,4.8,"49,7k reseñas",Beginner, Course  ,1-4 Weeks
IBM Applied DevOps Engineering,IBM Skills Network,4.7,"2,5k reseñas",Intermediate, Professional Certificate  ,3-6 Months
Intuit Academy Bookkeeping,Intuit,4.5,"3,6k reseñas",Beginner, Professional Certificate  ,3-6 Months
Meta Back-End Developer,Meta,4.7,"3,2k reseñas",Beginner, Professional Certificate  ,3-6 Months
Natural Language Processing,DeepLearning.AI,4.6,5k reseñas,Intermediate, Specialization  ,3-6 Months
Meta Android Developer,Meta,4.7,"2,3k reseñas",Beginner, Professional Certificate  ,3-6 Months
Finance & Quantitative Modeling for Analysts,University of Pennsylvania,4.5,"15,1k reseñas",Beginner, Specialization  ,3-6 Months
Meta iOS Developer,Meta,4.7,"2,2k reseñas",Beginner, Professional Certificate  ,3-6 Months
Machine Learning Engineering for Production (MLOps),DeepLearning.AI,4.7,"2,8k reseñas",Advanced, Specialization  ,3-6 Months
Introduction to Finance and Accounting,University of Pennsylvania,4.6,"12,4k reseñas",Beginner, Specialization  ,3-6 Months
DeepLearning.AI TensorFlow Developer,DeepLearning.AI,4.7,"23,2k reseñas",Intermediate, Professional Certificate  ,3-6 Months
Foundations of Digital Marketing and E-commerce,Google,4.8,"8,8k reseñas",Beginner, Course  ,1-4 Weeks
IBM AI Engineering,IBM Skills Network,4.6,"15,9k reseñas",Intermediate, Professional Certificate  ,3-6 Months
The Science of Well-Being,Yale University,4.9,"35,5k reseñas",Mixed, Course  ,1-3 Months
AI For Everyone,DeepLearning.AI,4.8,"37,8k reseñas",Beginner, Course  ,1-4 Weeks
Ask Questions to Make Data-Driven Decisions,Google,4.7,"22,9k reseñas",Beginner, Course  ,1-4 Weeks
Business and Financial Modeling,University of Pennsylvania,4.5,"10,2k reseñas",Beginner, Specialization  ,3-6 Months
Meta Database Engineer,Meta,4.7,"2,2k reseñas",Beginner, Professional Certificate  ,3-6 Months
Project Initiation: Starting a Successful Project,Google,4.8,"13,7k reseñas",Beginner, Course  ,1-4 Weeks
Learn SQL Basics for Data Science,"University of California, Davis",4.6,"15,3k reseñas",Beginner, Specialization  ,3-6 Months
Become a CBRS Certified Professional Installer by Google,Google - Spectrum Sharing,4.6,171 reseñas,Mixed, Course  ,1-3 Months
Excel Skills for Business,Macquarie University,4.9,"56,4k reseñas",Beginner, Specialization  ,3-6 Months
Indigenous Canada,University of Alberta,4.8,"20,9k reseñas",Mixed, Course  ,1-3 Months
Business Analytics,University of Pennsylvania,4.6,"17,2k reseñas",Beginner, Specialization  ,3-6 Months
AI in Healthcare,Stanford University,4.7,1k reseñas,Beginner, Specialization  ,3-6 Months
Financial Markets,Yale University,4.8,"24,4k reseñas",Beginner, Course  ,1-3 Months
AI Foundations for Everyone,IBM Skills Network,4.7,"12,6k reseñas",Beginner, Specialization  ,3-6 Months
Leading the Modern Day Business,University of Virginia,4.7,"18,7k reseñas",Beginner, Specialization  ,3-6 Months
Improve Your English Communication Skills,Georgia Institute of Technology,4.7,"24,9k reseñas",Beginner, Specialization  ,3-6 Months
Advanced Learning Algorithms,DeepLearning.AI,4.9,"1,8k reseñas",Beginner, Course  ,1-4 Weeks
Security Analyst Fundamentals,IBM,4.7,"3,1k reseñas",Beginner, Specialization  ,3-6 Months
Linear Algebra for Machine Learning and Data Science,DeepLearning.AI,4.4,162 reseñas,Beginner, Course  ,1-4 Weeks
Graphic Design,California Institute of the Arts,4.7,19k reseñas,Beginner, Specialization  ,3-6 Months
The Bits and Bytes of Computer Networking,Google,4.7,"42,8k reseñas",Beginner, Course  ,1-3 Months
The Materiality of ESG Factors,University of Pennsylvania,4.7,593 reseñas,Beginner, Specialization  ,3-6 Months
Digital Product Management,University of Virginia,4.7,"8,7k reseñas",Beginner, Specialization  ,3-6 Months
Prepare Data for Exploration,Google,4.8,"13,6k reseñas",Beginner, Course  ,1-3 Months
SAP Technology Consultant,SAP,4.8,107 reseñas,Beginner, Professional Certificate  ,3-6 Months
"Start the UX Design Process: Empathize, Define, and Ideate",Google,4.8,"10,9k reseñas",Beginner, Course  ,1-4 Weeks
AWS Cloud Solutions Architect,Amazon Web Services,4.8,"3,5k reseñas",Beginner, Professional Certificate  ,3-6 Months
AWS Fundamentals,Amazon Web Services,4.6,"7,9k reseñas",Beginner, Specialization  ,3-6 Months
Análisis de Datos de Google,Google,4.8,"3,4k reseñas",Beginner, Professional Certificate  ,3-6 Months
Introduction to Programming with Python and Java,University of Pennsylvania,4.4,"1,2k reseñas",Beginner, Specialization  ,3-6 Months
Foundations of Positive Psychology,University of Pennsylvania,4.8,7k reseñas,Beginner, Specialization  ,3-6 Months
The Science of Well-Being for Teens,Yale University,4.8,38 reseñas,Beginner, Course  ,1-3 Months
Scrum Master Certification,LearnQuest,4.7,"1,9k reseñas",Beginner, Specialization  ,3-6 Months
Neural Networks and Deep Learning,DeepLearning.AI,4.9,"117,7k reseñas",Intermediate, Course  ,1-4 Weeks
Search Engine Optimization (SEO),"University of California, Davis",4.6,"11,5k reseñas",Beginner, Specialization  ,3-6 Months
Data Science,Johns Hopkins University,4.5,"49,9k reseñas",Beginner, Specialization  ,3-6 Months
DevOps on AWS,Amazon Web Services,4.7,"3,4k reseñas",Intermediate, Specialization  ,1-3 Months
Introduction to Psychology,Yale University,4.9,"25,5k reseñas",Beginner, Course  ,1-3 Months
Writing in the Sciences,Stanford University,4.9,"7,5k reseñas",Beginner, Course  ,1-3 Months
Genomic Data Science,Johns Hopkins University,4.5,"5,8k reseñas",Intermediate, Specialization  ,3-6 Months
Entrepreneurship,University of Pennsylvania,4.8,"5,2k reseñas",Beginner, Specialization  ,3-6 Months
What is Data Science?,IBM Skills Network,4.7,"61,6k reseñas",Beginner, Course  ,1-4 Weeks
Preparing for Google Cloud Certification: Machine Learning Engineer,Google Cloud,4.6,25k reseñas,Intermediate, Professional Certificate  ,3-6 Months
Data Science: Foundations using R,Johns Hopkins University,4.6,"47,3k reseñas",Beginner, Specialization  ,3-6 Months
Gestión de Proyectos de Google,Google,4.9,"3,4k reseñas",Beginner, Professional Certificate  ,3-6 Months
Reinforcement Learning,University of Alberta,4.7,"3,1k reseñas",Intermediate, Specialization  ,3-6 Months
Data Visualization with Tableau,"University of California, Davis",4.5,"7,3k reseñas",Beginner, Specialization  ,3-6 Months
"HTML, CSS, and Javascript for Web Developers",Johns Hopkins University,4.7,"15,1k reseñas",Mixed, Course  ,1-3 Months
OKR Certification: Leadership and Goal Setting,Measure What Matters,4.9,143 reseñas,Beginner, Course  ,1-4 Weeks
Human Resource Management: HR for People Managers,University of Minnesota,4.8,13k reseñas,Beginner, Specialization  ,3-6 Months
Project Planning: Putting It All Together,Google,4.8,"8,1k reseñas",Beginner, Course  ,1-3 Months
Introduction to Cybersecurity Tools & Cyber Attacks,IBM,4.6,"13,3k reseñas",Beginner, Course  ,1-4 Weeks
Digital Marketing,University of Illinois at Urbana-Champaign,4.7,22k reseñas,Beginner, Specialization  ,3-6 Months
AI For Business,University of Pennsylvania,4.7,141 reseñas,Beginner, Specialization  ,3-6 Months
Construction Management,Columbia University,4.7,"7,4k reseñas",Beginner, Specialization  ,3-6 Months
Process Data from Dirty to Clean,Google,4.8,"10,2k reseñas",Beginner, Course  ,1-3 Months
Introduction to Statistics,Stanford University,4.6,2k reseñas,Beginner, Course  ,1-3 Months
Arizona State University TESOL,Arizona State University,4.9,"16,6k reseñas",Beginner, Professional Certificate  ,3-6 Months
Preparing for Google Cloud Certification: Cloud Architect,Google Cloud,4.7,57k reseñas,Intermediate, Professional Certificate  ,3-6 Months
Data Analysis and Presentation Skills: the PwC Approach,PwC,4.6,"10,3k reseñas",Beginner, Specialization  ,3-6 Months
IBM Machine Learning,IBM Skills Network,4.6,"1,4k reseñas",Intermediate, Professional Certificate  ,3-6 Months
Preparing for Google Cloud Certification: Cloud Engineer,Google Cloud,4.7,"56,7k reseñas",Intermediate, Professional Certificate  ,3-6 Months
Fintech: Foundations & Applications of Financial Technology,University of Pennsylvania,4.6,"3,3k reseñas",Beginner, Specialization  ,3-6 Months
Overcoming Dyslexia,Yale University,4.7,115 reseñas,Beginner, Course  ,1-3 Months
Crash Course on Python,Google,4.8,"29,8k reseñas",Beginner, Course  ,1-3 Months
Modern and Contemporary Art and Design,The Museum of Modern Art,4.8,"13,8k reseñas",Beginner, Specialization  ,3-6 Months
Data Structures and Algorithms,University of California San Diego,4.6,"15,8k reseñas",Intermediate, Specialization  ,3-6 Months
Certified in Cybersecurity,(ISC)²,4.8,87 reseñas,Beginner, Specialization  ,3-6 Months
Supply Chain Management,Rutgers the State University of New Jersey,4.7,13k reseñas,Beginner, Specialization  ,3-6 Months
Salesforce Sales Operations,Salesforce,4.6,737 reseñas,Beginner, Professional Certificate  ,3-6 Months
Regulatory Compliance,University of Pennsylvania,4.8,"1,9k reseñas",Intermediate, Specialization  ,3-6 Months
Architecting with Google Compute Engine,Google Cloud,4.7,"55,9k reseñas",Intermediate, Specialization  ,3-6 Months
Generative Adversarial Networks (GANs),DeepLearning.AI,4.7,2k reseñas,Intermediate, Specialization  ,1-3 Months
Business Strategy,University of Virginia,4.8,"3,8k reseñas",Beginner, Specialization  ,3-6 Months
Microsoft 365 Fundamentals,Microsoft,4.7,"1,4k reseñas",Beginner, Specialization  ,3-6 Months
Attract and Engage Customers with Digital Marketing,Google,4.8,"2,3k reseñas",Beginner, Course  ,1-4 Weeks
Accelerated Computer Science Fundamentals,University of Illinois at Urbana-Champaign,4.7,"3,1k reseñas",Intermediate, Specialization  ,1-3 Months
Career Success,"University of California, Irvine",4.5,"39,2k reseñas",Beginner, Specialization  ,3-6 Months
UI / UX Design,California Institute of the Arts,4.7,"6,8k reseñas",Beginner, Specialization  ,3-6 Months
Preparing for Google Cloud Certification: Cloud DevOps Engineer,Google Cloud,4.7,52k reseñas,Beginner, Professional Certificate  ,3-6 Months
Diseño de Experiencia del Usuario (UX) de Google,Google,4.8,"1,7k reseñas",Beginner, Professional Certificate  ,3-6 Months
Geographic Information Systems (GIS),"University of California, Davis",4.8,"5,9k reseñas",Beginner, Specialization  ,3-6 Months
Psychological First Aid,Johns Hopkins University,4.8,18k reseñas,Mixed, Course  ,1-3 Months
IBM Introduction to Machine Learning,IBM Skills Network,4.6,"1,4k reseñas",Intermediate, Specialization  ,3-6 Months
Private Equity and Venture Capital,Università Bocconi,4.8,"7,4k reseñas",Mixed, Course  ,1-3 Months
Python 3 Programming,University of Michigan,4.7,"20,3k reseñas",Beginner, Specialization  ,3-6 Months
Fundamentals of Project Planning and Management,University of Virginia,4.7,"8,2k reseñas",Beginner, Course  ,1-4 Weeks
"Unsupervised Learning, Recommenders, Reinforcement Learning",DeepLearning.AI,4.9,874 reseñas,Beginner, Course  ,1-4 Weeks
"TESOL Certificate, Part 1: Teach English Now!",Arizona State University,4.9,"15,5k reseñas",Beginner, Specialization  ,3-6 Months
Applied Data Science with Python,University of Michigan,4.5,33k reseñas,Intermediate, Specialization  ,3-6 Months
UCI Project Management,"University of California, Irvine",4.7,275 reseñas,Beginner, Professional Certificate  ,3-6 Months
Stanford Introduction to Food and Health,Stanford University,4.7,"28,5k reseñas",Beginner, Course  ,1-3 Months
Preparing for Google Cloud Certification: Cloud Developer,Google Cloud,4.7,"50,4k reseñas",Intermediate, Professional Certificate  ,3-6 Months
How to Manage a Remote Team,GitLab,4.8,810 reseñas,Intermediate, Course  ,1-3 Months
Preparing for Google Cloud Certification: Cloud Data Engineer,Google Cloud,4.6,"17,7k reseñas",Intermediate, Professional Certificate  ,3-6 Months
Preparing for Google Cloud Certification: Cloud Security Engineer,Google Cloud,4.7,"47,9k reseñas",Intermediate, Professional Certificate  ,3-6 Months
Project Management & Other Tools for Career Development,"University of California, Irvine",4.6,"33,4k reseñas",Beginner, Specialization  ,3-6 Months
Mathematics for Machine Learning,Imperial College London,4.6,"13,5k reseñas",Beginner, Specialization  ,3-6 Months
Practical Data Science on the AWS Cloud,"DeepLearning.AI, Amazon Web Services",4.6,443 reseñas,Advanced, Specialization  ,1-3 Months
Introduction to Data Analytics,IBM Skills Network,4.8,"10,5k reseñas",Beginner, Course  ,1-3 Months
Project Management Principles and Practices,"University of California, Irvine",4.7,28k reseñas,Beginner, Specialization  ,3-6 Months
Meta Marketing Analytics,Meta,4.7,"1,6k reseñas",Beginner, Professional Certificate  ,3-6 Months
"Data Engineering, Big Data, and Machine Learning on GCP",Google Cloud,4.6,"17,4k reseñas",Intermediate, Specialization  ,3-6 Months
Methods and Statistics in Social Sciences,University of Amsterdam,4.6,"7,1k reseñas",Beginner, Specialization  ,3-6 Months
Algorithms,Stanford University,4.8,"5,6k reseñas",Intermediate, Specialization  ,3-6 Months
Microsoft Azure Data Engineering Associate (DP-203),Microsoft,4.3,531 reseñas,Intermediate, Professional Certificate  ,3-6 Months
Operating Systems and You: Becoming a Power User,Google,4.7,"24,6k reseñas",Beginner, Course  ,1-3 Months
Software Product Management,University of Alberta,4.7,11k reseñas,Beginner, Specialization  ,3-6 Months
Architecting with Google Kubernetes Engine,Google Cloud,4.7,48k reseñas,Beginner, Specialization  ,3-6 Months
The DIY Musician,Berklee,4.7,"3,3k reseñas",Beginner, Specialization  ,3-6 Months
Algorithms for Battery Management Systems,University of Colorado Boulder,4.7,"2,2k reseñas",Intermediate, Specialization  ,3-6 Months
Agile Project Management,Google,4.8,"7,9k reseñas",Beginner, Course  ,1-4 Weeks
"Influencing: Storytelling, Change Management and Governance",Macquarie University,4.8,"3,2k reseñas",Beginner, Specialization  ,3-6 Months
Achieving Personal and Professional Success,University of Pennsylvania,4.7,"2,9k reseñas",Beginner, Specialization  ,3-6 Months
Developing Applications with Google Cloud,Google Cloud,4.7,"47,5k reseñas",Intermediate, Specialization  ,3-6 Months
Security in Google Cloud,Google Cloud,4.7,"47,3k reseñas",Intermediate, Specialization  ,3-6 Months
Tools for Data Science,IBM Skills Network,4.5,"25,9k reseñas",Beginner, Course  ,1-4 Weeks
Music Production,Berklee,4.8,"2,7k reseñas",Beginner, Specialization  ,3-6 Months
Preparing for Google Cloud Certification: Cloud Network Engineer,Google Cloud,4.7,"47,4k reseñas",Intermediate, Professional Certificate  ,3-6 Months
Networking in Google Cloud,Google Cloud,4.7,"47,4k reseñas",Intermediate, Specialization  ,3-6 Months
Analyze Data to Answer Questions,Google,4.6,"7,5k reseñas",Beginner, Course  ,1-4 Weeks
AI Product Management,Duke University,4.7,177 reseñas,Beginner, Specialization  ,3-6 Months
TensorFlow: Advanced Techniques,DeepLearning.AI,4.8,"1,2k reseñas",Intermediate, Specialization  ,3-6 Months
The Business of Health Care,University of Pennsylvania,4.6,"1,6k reseñas",Beginner, Specialization  ,3-6 Months
Strategic Leadership and Management,University of Illinois at Urbana-Champaign,4.8,"8,3k reseñas",Beginner, Specialization  ,3-6 Months
Google Cloud Database Engineer,Google Cloud,4.7,"46,9k reseñas",Intermediate, Specialization  ,3-6 Months
Successful Negotiation: Essential Strategies and Skills,University of Michigan,4.8,"17,9k reseñas",Mixed, Course  ,1-3 Months
Programming for Everybody (Getting Started with Python),University of Michigan,4.8,"219,7k reseñas",Mixed, Course  ,1-3 Months
Global Procurement and Sourcing,Rutgers the State University of New Jersey,4.7,"1,6k reseñas",Beginner, Specialization  ,3-6 Months
Bookkeeping Basics,Intuit,4.6,3k reseñas,Beginner, Course  ,1-4 Weeks
"NoSQL, Big Data, and Spark Foundations",IBM Skills Network,4.3,325 reseñas,Beginner, Specialization  ,3-6 Months
"Python for Data Science, AI & Development",IBM Skills Network,4.6,"30,9k reseñas",Beginner, Course  ,1-3 Months
The Business of Music Production,Berklee,4.8,"4,8k reseñas",Beginner, Specialization  ,3-6 Months
AI for Medicine,DeepLearning.AI,4.7,"2,1k reseñas",Intermediate, Specialization  ,1-3 Months
IBM Mainframe Developer,IBM,4.7,834 reseñas,Beginner, Professional Certificate  ,3-6 Months
Java Programming and Software Engineering Fundamentals,Duke University,4.6,21k reseñas,Beginner, Specialization  ,3-6 Months
"Product Ideation, Design, and Management","University of Maryland, College Park",4.4,326 reseñas,Beginner, Specialization  ,3-6 Months
Project Execution: Running the Project,Google,4.8,"5,3k reseñas",Beginner, Course  ,1-3 Months
Mergers and Acquisitions,University of Illinois at Urbana-Champaign,4.6,137 reseñas,Intermediate, Specialization  ,3-6 Months
Diversity and inclusion in the workplace,ESSEC Business School,4.7,863 reseñas,Beginner, Course  ,1-4 Weeks
Foundations of Management,IESE Business School,4.8,"4,4k reseñas",Beginner, Specialization  ,3-6 Months
Financial Engineering and Risk Management,Columbia University,4.5,131 reseñas,Intermediate, Specialization  ,3-6 Months
Six Sigma Yellow Belt,University System of Georgia,4.6,"8,4k reseñas",Beginner, Specialization  ,3-6 Months
Entrepreneurship: Growing Your Business,University of Virginia,4.8,"6,9k reseñas",Beginner, Specialization  ,3-6 Months
MATLAB Programming for Engineers and Scientists,Vanderbilt University,4.8,"17,1k reseñas",Beginner, Specialization  ,3-6 Months
Think like a CFO,IESE Business School,4.8,"5,6k reseñas",Beginner, Specialization  ,3-6 Months
Decentralized Finance (DeFi): The Future of Finance,Duke University,4.8,"1,5k reseñas",Intermediate, Specialization  ,3-6 Months
Risk Management,New York Institute of Finance,4.6,380 reseñas,Beginner, Specialization  ,3-6 Months
Microsoft Azure Fundamentals AZ-900 Exam Prep,Microsoft,4.6,"1,9k reseñas",Beginner, Specialization  ,3-6 Months
The Singer Songwriter,Berklee,4.8,"4,1k reseñas",Beginner, Specialization  ,3-6 Months
(ISC)² Systems Security Certified Practitioner (SSCP),(ISC)²,4.7,404 reseñas,Beginner, Specialization  ,3-6 Months
Business Data Management and Communication,University of Illinois at Urbana-Champaign,4.7,"5,6k reseñas",Intermediate, Specialization  ,3-6 Months
SQL for Data Science,"University of California, Davis",4.6,"14,5k reseñas",Beginner, Course  ,1-4 Weeks
Real-World Product Management,Advancing Women in Tech,4.5,698 reseñas,Beginner, Specialization  ,3-6 Months
Excel Skills for Data Analytics and Visualization,Macquarie University,4.8,4k reseñas,Intermediate, Specialization  ,3-6 Months
The Art of Sales: Mastering the Selling Process,Northwestern University,4.7,"1,3k reseñas",Beginner, Specialization  ,3-6 Months
Share Data Through the Art of Visualization,Google,4.6,6k reseñas,Beginner, Course  ,1-4 Weeks
Agile with Atlassian Jira,Atlassian,4.7,"7,7k reseñas",Beginner, Course  ,1-4 Weeks
Agile Development,University of Virginia,4.7,"4,4k reseñas",Beginner, Specialization  ,3-6 Months
Build Wireframes and Low-Fidelity Prototypes,Google,4.9,6k reseñas,Beginner, Course  ,1-4 Weeks
Creative Writing,Wesleyan University,4.6,"5,6k reseñas",Beginner, Specialization  ,3-6 Months
Instructional Design Foundations and Applications,University of Illinois at Urbana-Champaign,4.1,570 reseñas,Mixed, Course  ,1-3 Months
Applied Data Science with R,IBM Skills Network,4.5,574 reseñas,Beginner, Specialization  ,3-6 Months
Drug Development Product Management,University of California San Diego,4.6,"5,5k reseñas",Beginner, Specialization  ,3-6 Months
System Administration and IT Infrastructure Services,Google,4.7,"21,6k reseñas",Beginner, Course  ,1-3 Months
Financial Analysis - Skills for Success,University of Illinois at Urbana-Champaign,4.7,49 reseñas,Beginner, Specialization  ,1-3 Months
Organizational Analysis,Stanford University,4.6,"1,3k reseñas",Beginner, Course  ,1-3 Months
Introduction to Negotiation: A Strategic Playbook for Becoming a Principled and Persuasive Negotiator,Yale University,4.9,"4,5k reseñas",Mixed, Course  ,1-3 Months
Blockchain,University at Buffalo,4.6,"8,3k reseñas",Intermediate, Specialization  ,3-6 Months
Clinical Trials Operations,Johns Hopkins University,4.8,58 reseñas,Beginner, Specialization  ,3-6 Months
Music Education for Teachers,Berklee,4.8,"2,8k reseñas",Intermediate, Specialization  ,3-6 Months
The Strategy of Content Marketing,"University of California, Davis",4.5,"3,9k reseñas",Intermediate, Course  ,1-3 Months
Business Value and Project Management,University of Illinois at Urbana-Champaign,4.7,"6,8k reseñas",Beginner, Specialization  ,3-6 Months
Macroeconomics for Business Management,Fundação Instituto de Administração,4.8,250 reseñas,Beginner, Course  ,1-4 Weeks
U.S. Federal Taxation,University of Illinois at Urbana-Champaign,4.8,774 reseñas,Intermediate, Specialization  ,3-6 Months
Connected Leadership,Yale University,4.6,27 reseñas,Beginner, Course  ,1-3 Months
Leading People and Teams,University of Michigan,4.7,"9,8k reseñas",Beginner, Specialization  ,3-6 Months
"Improving Deep Neural Networks: Hyperparameter Tuning, Regularization and Optimization",DeepLearning.AI,4.9,"61,8k reseñas",Intermediate, Course  ,1-4 Weeks
Primeros Auxilios Psicológicos (PAP),Universitat Autònoma de Barcelona,4.8,"9,5k reseñas",Mixed, Course  ,1-3 Months
Data Analysis with R Programming,Google,4.8,"6,7k reseñas",Beginner, Course  ,1-3 Months
Calculus for Machine Learning and Data Science,DeepLearning.AI,4.8,45 reseñas,Beginner, Course  ,1-4 Weeks
Natural Language Processing with Classification and Vector Spaces,DeepLearning.AI,4.6,"3,8k reseñas",Intermediate, Course  ,1-4 Weeks
Bayesian Statistics,"University of California, Santa Cruz",4.6,"3,3k reseñas",Intermediate, Specialization  ,3-6 Months
"Effective Communication: Writing, Design, and Presentation",University of Colorado Boulder,4.8,"10,4k reseñas",Beginner, Specialization  ,3-6 Months
Biostatistics in Public Health,Johns Hopkins University,4.8,2k reseñas,Beginner, Specialization  ,3-6 Months
Principles of Management,Johns Hopkins University,4.8,95 reseñas,Mixed, Course  ,1-4 Weeks
User Experience Research and Design,University of Michigan,4.7,"1,9k reseñas",Beginner, Specialization  ,3-6 Months
Introduction to Cyber Security,New York University,4.7,"3,1k reseñas",Beginner, Specialization  ,3-6 Months
Electric Industry Operations and Markets,Duke University,4.8,"1,1k reseñas",Beginner, Course  ,1-4 Weeks
IBM z/OS Mainframe Practitioner,IBM,4.7,1k reseñas,Intermediate, Professional Certificate  ,1-3 Months
"Brand Management: Aligning Business, Brand and Behaviour",University of London,4.9,"6,5k reseñas",Beginner, Course  ,1-3 Months
Web Design for Everybody: Basics of Web Development & Coding,University of Michigan,4.7,"33,4k reseñas",Beginner, Specialization  ,3-6 Months
"Food Sustainability, Mindful Eating, and Healthy Cooking",Stanford University,4.7,316 reseñas,Beginner, Specialization  ,1-3 Months
Healthcare IT Support,Johns Hopkins University,4.7,748 reseñas,Beginner, Specialization  ,3-6 Months
Investment Management with Python and Machine Learning,EDHEC Business School,4.6,"1,6k reseñas",Beginner, Specialization  ,3-6 Months
Intellectual Property Law,University of Pennsylvania,4.8,"1,1k reseñas",Intermediate, Specialization  ,3-6 Months
Game Theory,Stanford University,4.6,"4,3k reseñas",Beginner, Course  ,1-3 Months
Machine Learning on Google Cloud,Google Cloud,4.5,"9,4k reseñas",Intermediate, Specialization  ,3-6 Months
IT Security: Defense against the digital dark arts,Google,4.8,"18,7k reseñas",Beginner, Course  ,1-3 Months
People and Soft Skills for Professional and Personal Success,IBM Skills Network,4.6,172 reseñas,Beginner, Specialization  ,1-3 Months
Fundamentals of Accounting,University of Illinois at Urbana-Champaign,4.7,"1,8k reseñas",Beginner, Specialization  ,3-6 Months
Soporte de Tecnologías de la Información de Google,Google,4.9,12k reseñas,Beginner, Professional Certificate  ,3-6 Months
Introduction to Machine Learning in Production,DeepLearning.AI,4.8,"2,3k reseñas",Advanced, Course  ,1-4 Weeks
Microsoft Azure Data Scientist Associate (DP-100),Microsoft,4.5,173 reseñas,Intermediate, Professional Certificate  ,3-6 Months
"Songwriting: Writing, Arranging, and Producing Music",Berklee,4.8,"1,9k reseñas",Beginner, Specialization  ,3-6 Months
Human Resources Analytics,"University of California, Irvine",4.6,"1,1k reseñas",Mixed, Course  ,1-4 Weeks
SAS Programmer,SAS,4.8,"3,1k reseñas",Beginner, Professional Certificate  ,3-6 Months
Electronic Music Production,Berklee,4.8,"2,1k reseñas",Intermediate, Specialization  ,3-6 Months
Emotional Intelligence: Cultivating Immensely Human Interactions,University of Michigan,4.8,108 reseñas,Intermediate, Course  ,1-4 Weeks
Management of Fashion and Luxury Companies,Università Bocconi,4.7,"5,4k reseñas",Mixed, Course  ,1-3 Months
From Likes to Leads: Interact with Customers Online,Google,4.8,"1,2k reseñas",Beginner, Course  ,1-3 Months
Impact Measurement & Management for the SDGs,Duke University,4.8,390 reseñas,Mixed, Course  ,1-3 Months
Introduction to Cloud Computing,IBM Skills Network,4.7,"3,3k reseñas",Beginner, Course  ,1-3 Months
IELTS Preparation,"University of California, Irvine",4.6,"1,1k reseñas",Beginner, Specialization  ,1-3 Months
International Women's Health and Human Rights,Stanford University,4.9,"1,4k reseñas",Beginner, Course  ,3-6 Months
Google Cloud Digital Leader Training,Google Cloud,4.7,"3,1k reseñas",Beginner, Professional Certificate  ,3-6 Months
Investment Management,University of Geneva,4.7,7k reseñas,Beginner, Specialization  ,3-6 Months
Project Management,University of Colorado Boulder,4.7,167 reseñas,Beginner, Specialization  ,1-3 Months
AWS Cloud Practitioner Essentials,Amazon Web Services,4.8,"1,2k reseñas",Beginner, Course  ,1-3 Months
Excel Basics for Data Analysis,IBM Skills Network,4.7,"5,1k reseñas",Beginner, Course  ,1-3 Months
Child Nutrition and Cooking,Stanford University,4.8,"9,6k reseñas",Beginner, Course  ,1-3 Months
Financial Management,University of Illinois at Urbana-Champaign,4.7,"6,2k reseñas",Intermediate, Specialization  ,3-6 Months
Introduction to Social Media Marketing,Meta,4.8,"10,7k reseñas",Beginner, Course  ,1-3 Months
Fundamentals of Quantitative Modeling,University of Pennsylvania,4.6,"8,4k reseñas",Mixed, Course  ,1-4 Weeks
Anatomy,University of Michigan,4.8,"3,4k reseñas",Beginner, Specialization  ,3-6 Months
"Introduction to TensorFlow for Artificial Intelligence, Machine Learning, and Deep Learning",DeepLearning.AI,4.8,"18,2k reseñas",Intermediate, Course  ,1-4 Weeks
Introduction to Systematic Review and Meta-Analysis,Johns Hopkins University,4.8,"3,1k reseñas",Mixed, Course  ,1-3 Months
Introduction to Discrete Mathematics for Computer Science,University of California San Diego,4.5,"3,3k reseñas",Beginner, Specialization  ,3-6 Months
Capstone: Applying Project Management in the Real World,Google,4.8,"4,9k reseñas",Beginner, Course  ,1-4 Weeks
Google Data Analytics (PT),Google,4.9,"1,3k reseñas",Beginner, Professional Certificate  ,3-6 Months
"Introduction to Biology: Ecology, Evolution, & Biodiversity",Rice University,4.8,28 reseñas,Beginner, Specialization  ,3-6 Months
Good with Words: Writing and Editing,University of Michigan,4.7,2k reseñas,Beginner, Specialization  ,3-6 Months
Neuroscience and Neuroimaging,Johns Hopkins University,4.6,"2,9k reseñas",Intermediate, Specialization  ,3-6 Months
English for Career Development,University of Pennsylvania,4.8,"13,8k reseñas",Mixed, Course  ,1-3 Months
Digital Manufacturing & Design Technology,University at Buffalo,4.6,"6,4k reseñas",Beginner, Specialization  ,3-6 Months
Excel Skills for Business: Essentials,Macquarie University,4.9,"45,7k reseñas",Beginner, Course  ,1-3 Months
Coding for Everyone: C and C++,"University of California, Santa Cruz",4.5,"8,5k reseñas",Beginner, Specialization  ,3-6 Months
Learn Spanish: Basic Spanish Vocabulary,"University of California, Davis",4.6,"3,4k reseñas",Beginner, Specialization  ,3-6 Months
Web Applications for Everybody,University of Michigan,4.7,"8,5k reseñas",Intermediate, Specialization  ,3-6 Months
Self-Driving Cars,University of Toronto,4.7,"3,2k reseñas",Advanced, Specialization  ,3-6 Months
Understanding the Brain: The Neurobiology of Everyday Life,The University of Chicago,4.9,"2,6k reseñas",Beginner, Course  ,1-3 Months
Google データアナリティクス,Google,4.6,181 reseñas,Beginner, Professional Certificate  ,3-6 Months
Excel to MySQL: Analytic Techniques for Business,Duke University,4.6,"14,9k reseñas",Beginner, Specialization  ,3-6 Months
Removing Barriers to Change,University of Pennsylvania,4.8,312 reseñas,Beginner, Course  ,1-4 Weeks
Creating Business Value with Data and Looker,Google Cloud,4.8,889 reseñas,Intermediate, Specialization  ,3-6 Months
Google Data Analytics Capstone: Complete a Case Study,Google,4.8,"9,3k reseñas",Beginner, Course  ,1-4 Weeks
Medical Terminology,Rice University,4.8,228 reseñas,Beginner, Specialization  ,3-6 Months
Convolutional Neural Networks,DeepLearning.AI,4.9,"41,3k reseñas",Intermediate, Course  ,1-4 Weeks
Photography Basics and Beyond: From Smartphone to DSLR,Michigan State University,4.7,6k reseñas,Beginner, Specialization  ,3-6 Months
Design Thinking,University of Virginia,4.9,18 reseñas,Beginner, Specialization  ,3-6 Months
Getting Started with Power BI Desktop,Coursera Project Network,4.7,"3,2k reseñas",Beginner,,
Learning How to Learn: Powerful mental tools to help you master tough subjects,Deep Teaching Solutions,4.8,86k reseñas,Beginner, Course  ,1-4 Weeks
Branding: The Creative Journey,IE Business School,4.6,"1,3k reseñas",Beginner, Specialization  ,3-6 Months
Probabilistic Graphical Models,Stanford University,4.6,"1,5k reseñas",Advanced, Specialization  ,3-6 Months
Data Analysis with R,Duke University,4.7,"6,9k reseñas",Beginner, Specialization  ,3-6 Months
PostgreSQL for Everybody,University of Michigan,4.7,852 reseñas,Intermediate, Specialization  ,3-6 Months
Contabilidad para no contadores,Universidad Nacional Autónoma de México,4.8,"8,1k reseñas",Beginner, Course  ,1-3 Months
Sports Performance Analytics,University of Michigan,4.4,171 reseñas,Intermediate, Specialization  ,3-6 Months
Dynamic Public Speaking,University of Washington,4.7,"2,3k reseñas",Beginner, Specialization  ,3-6 Months
Academic English: Writing,"University of California, Irvine",4.7,"21,5k reseñas",Beginner, Specialization  ,3-6 Months
Structuring Machine Learning Projects,DeepLearning.AI,4.8,"48,9k reseñas",Beginner, Course  ,1-4 Weeks
Databases and SQL for Data Science with Python,IBM Skills Network,4.6,"17,1k reseñas",Beginner, Course  ,1-3 Months
Object Oriented Programming in Java,Duke University,4.6,"14,3k reseñas",Beginner, Specialization  ,3-6 Months
First Step Korean,Yonsei University,4.9,"46,4k reseñas",Beginner, Course  ,1-3 Months
Six Sigma Green Belt,University System of Georgia,4.7,"3,7k reseñas",Intermediate, Specialization  ,3-6 Months
Social Media Marketing,Northwestern University,4.6,"5,2k reseñas",Beginner, Specialization  ,3-6 Months
Engineering Project Management,Rice University,4.7,4k reseñas,Beginner, Specialization  ,3-6 Months
Business Analytics,University of Illinois at Urbana-Champaign,4.6,812 reseñas,Beginner, Specialization  ,3-6 Months
Conduct UX Research and Test Early Concepts,Google,4.8,"3,5k reseñas",Beginner, Course  ,1-4 Weeks
Introduction to Front-End Development,Meta,4.8,"4,9k reseñas",Beginner, Course  ,1-4 Weeks
The Pronunciation of American English,"University of California, Irvine",4.8,845 reseñas,Beginner, Specialization  ,3-6 Months
Business English Communication Skills,University of Washington,4.8,"4,2k reseñas",Intermediate, Specialization  ,3-6 Months
Analista de Datos de IBM,IBM Skills Network,4.6,771 reseñas,Beginner, Professional Certificate  ,3-6 Months
Write Professional Emails in English,Georgia Institute of Technology,4.8,"16,2k reseñas",Mixed, Course  ,1-3 Months
Fundamentals of Finance,University of Pennsylvania,3.9,728 reseñas,Beginner, Course  ,1-3 Months
The Manager's Toolkit: A Practical Guide to Managing People at Work,University of London,4.7,"3,3k reseñas",Mixed, Course  ,1-3 Months
Integrative Health and Medicine,University of Minnesota,4.8,"1,5k reseñas",Beginner, Specialization  ,3-6 Months
C# Programming for Unity Game Development,University of Colorado System,4.6,"2,4k reseñas",Beginner, Specialization  ,3-6 Months
Data Science Methodology,IBM Skills Network,4.6,"18,8k reseñas",Beginner, Course  ,1-4 Weeks
Cancer Biology,Johns Hopkins University,4.8,"8,7k reseñas",Beginner, Specialization  ,3-6 Months
Ciencia de Datos de IBM,IBM Skills Network,4.6,678 reseñas,Beginner, Professional Certificate  ,3-6 Months
AWS Cloud Technical Essentials,Amazon Web Services,4.8,"3,3k reseñas",Beginner, Course  ,1-4 Weeks
Data Science Foundations: Statistical Inference,University of Colorado Boulder,4.4,136 reseñas,Intermediate, Specialization  ,3-6 Months
Software Design and Architecture,University of Alberta,4.6,"3,4k reseñas",Beginner, Specialization  ,3-6 Months
Introduction to Artificial Intelligence (AI),IBM Skills Network,4.7,"10,5k reseñas",Beginner, Course  ,1-4 Weeks
Advanced Data Science with IBM,IBM Skills Network,4.3,3k reseñas,Advanced, Specialization  ,3-6 Months
Web3 and Blockchain in Global Commerce,INSEAD,4.7,16 reseñas,Beginner, Specialization  ,3-6 Months
Cryptography I,Stanford University,4.8,"4,1k reseñas",Mixed, Course  ,1-3 Months
Health Informatics,Johns Hopkins University,4.4,702 reseñas,Beginner, Specialization  ,3-6 Months
Introduction to Financial Accounting,University of Pennsylvania,4.7,"7,7k reseñas",Mixed, Course  ,1-4 Weeks
Introduction to User Experience Design,Georgia Institute of Technology,4.5,"7,5k reseñas",Beginner, Course  ,1-3 Months
Data Management for Clinical Research,Vanderbilt University,4.7,"1,4k reseñas",Beginner, Course  ,1-3 Months
"Hotel Management: Distribution, Revenue and Demand Management",ESSEC Business School,4.6,"1,9k reseñas",Beginner, Specialization  ,3-6 Months
Statistics with Python,University of Michigan,4.6,3k reseñas,Beginner, Specialization  ,1-3 Months
Medical Neuroscience,Duke University,4.9,"2,6k reseñas",Advanced, Course  ,3-6 Months
Introduction to Marketing,University of Pennsylvania,4.8,"12,1k reseñas",Mixed, Course  ,1-3 Months
Customer Service Fundamentals,Knowledge Accelerators,4.8,"1,3k reseñas",Beginner, Course  ,1-4 Weeks
Transforming the Fashion Business,"Parsons School of Design, The New School",4.7,325 reseñas,Intermediate, Specialization  ,1-3 Months
Design and Interpretation of Clinical Trials,Johns Hopkins University,4.7,"4,1k reseñas",Mixed, Course  ,1-3 Months
Cybersecurity for Everyone,"University of Maryland, College Park",4.7,631 reseñas,Beginner, Course  ,1-3 Months
Forensic Accounting and Fraud Examination,West Virginia University,4.7,5k reseñas,Mixed, Course  ,1-3 Months
Probability & Statistics for Machine Learning & Data Science,DeepLearning.AI,4.7,,,,
Databases for Data Scientists,University of Colorado Boulder,4.8,,,,
Autodesk CAD/CAM/CAE for Mechanical Engineering,Autodesk,4.3,,,,
Project Execution,"University of California, Irvine",4.3,,,,
Software Testing and Automation,University of Minnesota,4.7,,,,
Blockchain Revolution,INSEAD,4.7,,,,
Business Statistics and Analysis,Rice University,4.7,,,,
Everyday Excel,University of Colorado Boulder,4.5,,,,
Executive Data Science,Johns Hopkins University,4.8,,,,
Renewable Energy,University of Colorado Boulder,4.7,,,,
ITIL 4 Exam Preparation,LearnQuest,4.2,,,,
Introduction to Computer Science and Programming,University of London,4.7,,,,
Organizational Leadership,Northwestern University,4.8,,,,
Management Consulting,Emory University,4.7,,,,
Game Design: Art and Concepts,California Institute of the Arts,4.5,,,,
Big Data,University of California San Diego,4.5,,,,
Python Project for Data Science,IBM Skills Network,4.8,,,,
Omnichannel Retail Strategy,University of Pennsylvania,4.4,,,,
Introduction to Python Programming,University of Pennsylvania,4.8,,,,
Pricing Strategy Optimization,University of Virginia,4.7,,,,
Functional Programming in Scala,École Polytechnique Fédérale de Lausanne,4.6,,,,
ESG Risks and Opportunities,University of Pennsylvania,4.8,,,,
Sequence Models,DeepLearning.AI,4.6,,,,
"Cybersecurity Roles, Processes & Operating System Security",IBM,4.8,,,,
Excel/VBA for Creative Problem Solving,University of Colorado Boulder,4.7,,,,
Epidemiology in Public Health Practice,Johns Hopkins University,4.7,,,,
Digital Product Management: Modern Fundamentals,University of Virginia,4.9,,,,
Python Data Structures,University of Michigan,4.8,,,,
Fundamentals of Graphic Design,California Institute of the Arts,4.7,,,,
Marketing Mix Implementation,IE Business School,4.8,,,,
Think Outside the Inbox: Email Marketing,Google,4.5,,,,
FPGA Design for Embedded Systems,University of Colorado Boulder,4.7,,,,
Global Diplomacy – Diplomacy in the Modern World,University of London,4.6,,,,
Culture-Driven Team Building,University of Pennsylvania,4.8,,,,
Learn Chinese: HSK Test Preparation,Peking University,4.7,,,,
Foundational Finance for Strategic Decision Making,University of Michigan,4.7,,,,
Statistical Analysis with R for Public Health,Imperial College London,4.8,,,,
Music Business,Berklee,4.8,,,,
Managing Emotions in Times of Uncertainty & Stress,Yale University,4.5,,,,
Interaction Design,University of California San Diego,4.8,,,,
How to Play Guitar,Berklee,4.6,,,,
Inspirational Leadership: Leading with Sense,HEC Paris,4.8,,,,
Create High-Fidelity Designs and Prototypes in Figma,Google,4.8,,,,
Introduction to Data Engineering,IBM Skills Network,4.8,,,,
Understanding Clinical Research: Behind the Statistics,University of Cape Town,4.8,,,,
Learn English: Beginning Grammar,"University of California, Irvine",4.5,,,,
Learning Linux for LFCA Certification,LearnQuest,4.7,,,,
"Negotiation, Mediation and Conflict Resolution",ESSEC Business School,4.7,,,,
Object-Oriented Data Structures in C++,University of Illinois at Urbana-Champaign,4.8,,,,
Become an EMT,University of Colorado System,4.6,,,,
TensorFlow: Data and Deployment,DeepLearning.AI,4.7,,,,
Data Analysis with Python,IBM Skills Network,4.8,,,,
Viral Marketing and How to Craft Contagious Content,University of Pennsylvania,4.6,,,,
Supply Chain Analytics,Rutgers the State University of New Jersey,4.9,,,,
Google Project Management (PT),Google,4.7,,,,
Fundamentals of Engineering Exam Review,Georgia Institute of Technology,4.6,,,,
Extended Reality for Everybody,University of Michigan,4.3,,,,
Google Data Analytics (DE),Google,4.7,,,,
Machine Learning with Python,IBM Skills Network,4.8,,,,
International Humanitarian Law in Theory and Practice,Universiteit Leiden,4.6,,,,
Introducción a la Ciencia de Datos,IBM Skills Network,4.8,,,,
Introductory Human Physiology,Duke University,4.9,,,,
Introduction to Psychology,University of Toronto,4.8,,,,
Gamification,University of Pennsylvania,4.8,,,,
School Health for Children and Adolescents,University of Colorado System,4.8,,,,
Learn English: Advanced Grammar and Punctuation,"University of California, Irvine",4.8,,,,
Positive Psychiatry and Mental Health,The University of Sydney,4.6,,,,
Market Research,"University of California, Davis",4.9,,,,
"TESOL Certificate, Part 2: Teach English Now!",Arizona State University,4.9,,,,
Google UX Design (PT),Google,4.8,,,,
Introduction to Healthcare,Stanford University,4.7,,,,
Robotic Process Automation (RPA),UiPath,4.9,,,,
"Strategic Leadership: Impact, Change, and Decision-Making",Dartmouth College,4.8,,,,
Learn English: Intermediate Grammar,"University of California, Irvine",4.7,,,,
Marketing Analytics,University of Virginia,4.4,,,,
Practical Guide to Trading,Interactive Brokers,4.6,,,,
Customer Analytics,University of Pennsylvania,4.7,,,,
Professional Skills for the Workplace,"University of California, Davis",4.5,,,,
Salesforce Sales Development Representative,Salesforce,4.7,,,,
Microsoft Azure Data Fundamentals DP-900 Exam Prep,Microsoft,4.7,,,,
Social Psychology,Wesleyan University,4.8,,,,
Futures Thinking,Institute for the Future,4.4,,,,
Optical Engineering,University of Colorado Boulder,4.8,,,,
Habilidades Gerenciales,Universidad Nacional Autónoma de México,4.8,,,,
Managing Cybersecurity,University System of Georgia,4.4,,,,
Unix and Bash for Beginners,Codio,4.7,,,,
Reducing Gun Violence in America: Evidence for Change,Johns Hopkins University,4.8,,,,
AI & Law,Lund University,4.5,,,,
Antibiotic Stewardship,Stanford University,4.5,,,,
Investment and Portfolio Management,Rice University,4.8,,,,
Introduction to DevOps,IBM Skills Network,4.5,,,,
TOEFL Preparation,"University of California, Irvine",4.7,,,,
Data Science Foundations: Data Structures and Algorithms,University of Colorado Boulder,4.5,,,,
Six Sigma Black Belt,University System of Georgia,4.7,,,,
Introduction to Scrum Master Training,LearnQuest,4.8,,,,
Étudier en France: French Intermediate course B1-B2,École Polytechnique,4.8,,,,
Abnormal Psychology,Wesleyan University,4.7,,,,
"Modern Robotics: Mechanics, Planning, and Control",Northwestern University,4.8,,,,
Managerial Accounting Fundamentals,University of Virginia,4.5,,,,
Artificial Intelligence in Marketing,University of Virginia,4.6,,,,
What is the Metaverse?,Meta,4.3,,,,
Bioinformatics,University of California San Diego,4.8,,,,
Information Systems,University of Minnesota,4.8,,,,
Data Visualization & Dashboarding with R,Johns Hopkins University,4.7,,,,
Principles of Sustainable Finance,Erasmus University Rotterdam,4.9,,,,
Economics of Money and Banking,Columbia University,4.4,,,,
Robotics,University of Pennsylvania,4.8,,,,
Google Project Management,Google,4.7,,,,
Fundamentos del Análisis y Visualización de Datos,IBM Skills Network,4.8,,,,
Introduction to Calculus,The University of Sydney,4.7,,,,
Data Visualization and Dashboards with Excel and Cognos,IBM Skills Network,4.6,,,,
Cybersecurity,"University of Maryland, College Park",4.7,,,,
Reporting extra-financier et stratégie RSE,ESSEC Business School,4.0,,,,
Google Data Analytics,Google,4.8,,,,
An Introduction to American Law,University of Pennsylvania,4.5,,,,
Entrepreneurial Finance: Strategy and Innovation,Duke University,4.8,,,,
Finance for Non-Finance Professionals,Rice University,4.4,,,,
Memoir and Personal Essay: Write About Yourself,Wesleyan University,4.7,,,,
Financial Technology (Fintech) Innovations,University of Michigan,4.3,,,,
Machine Learning Data Lifecycle in Production,DeepLearning.AI,4.6,,,,
Assess for Success: Marketing Analytics and Measurement,Google,4.3,,,,
Assets in Accounting,Intuit,4.6,,,,
Supply Chain Principles,Georgia Institute of Technology,4.8,,,,
Corporate Strategy,University of London,4.5,,,,
Data Mining,University of Illinois at Urbana-Champaign,4.6,,,,
Introduction to Cybersecurity Foundations,Infosec,4.8,,,,
Algebra: Elementary to Advanced,Johns Hopkins University,4.7,,,,
JavaScript for Beginners,"University of California, Davis",4.7,,,,
Convolutional Neural Networks in TensorFlow,DeepLearning.AI,3.7,,,,
Machine Learning and Reinforcement Learning in Finance,New York University,4.6,,,,
Core Java,LearnQuest,4.9,,,,
Build a Modern Computer from First Principles: From Nand to Tetris (Project-Centered Course),Hebrew University of Jerusalem,4.7,,,,
Wine Tasting: Sensory Techniques for Wine Analysis,"University of California, Davis",4.7,,,,
Build Basic Generative Adversarial Networks (GANs),DeepLearning.AI,4.8,,,,
Animal Behaviour and Welfare,The University of Edinburgh,4.4,,,,
Conflict Management,"University of California, Irvine",4.7,,,,
Business Strategies for A Better World,University of Pennsylvania,4.6,,,,
"Advanced Valuation and Strategy - M&A, Private Equity, and Venture Capital",Erasmus University Rotterdam,4.6,,,,
Introduction to Public Relations and the Media,University of Colorado Boulder,4.6,,,,
Fundraising and Development,"University of California, Davis",4.8,,,,
Introduction to Financial Accounting: The Accounting Cycle,"University of California, Irvine",4.3,,,,
Microsoft Power Platform Fundamentals,Microsoft,4.5,,,,
SQL: A Practical Introduction for Querying Databases,IBM Skills Network,4.7,,,,
Project Launch,"University of California, Irvine",4.5,,,,
Palliative Care Always,Stanford University,4.6,,,,
AI Fundamentals for Non-Data Scientists,University of Pennsylvania,4.7,,,,
Introduction to Electronics,Georgia Institute of Technology,5.0,,,,
Computer Vision for Engineering and Science,MathWorks,4.6,,,,
Machine Learning Foundations for Product Managers,Duke University,4.1,,,,
Sustainability Analyst Fundamentals,Arizona State University,4.8,,,,
Finding Purpose and Meaning In Life: Living for What Matters Most,University of Michigan,4.9,,,,
Positive Psychology: Martin E. P. Seligman’s Visionary Science,University of Pennsylvania,4.7,,,,
Programming with JavaScript,Meta,4.8,,,,
Microeconomics Principles,University of Illinois at Urbana-Champaign,4.8,,,,
Food & Beverage Management,Università Bocconi,4.7,,,,
Google Professional Workspace Administrator,Google Cloud,4.7,,,,
Getting started with Google Workspace,Google Cloud,4.7,,,,
Django for Everybody,University of Michigan,4.7,,,,
Financial Reporting,University of Illinois at Urbana-Champaign,4.7,,,,
Business Model Innovation,HEC Paris,4.7,,,,
Inspired Leadership,Case Western Reserve University,4.8,,,,
Introduction to Sustainability,University of Illinois at Urbana-Champaign,4.8,,,,
Introduction to Mathematical Thinking,Stanford University,4.6,,,,
Good with Words: Speaking and Presenting,University of Michigan,4.4,,,,
Introducción a la programación en Python I: Aprendiendo a programar con Python,Pontificia Universidad Católica de Chile,4.7,,,,
Blockchain Revolution in Financial Services,INSEAD,4.7,,,,
Learn to Program: The Fundamentals,University of Toronto,4.8,,,,
Astronomy: Exploring Time and Space,University of Arizona,4.7,,,,
Computational Thinking for Problem Solving,University of Pennsylvania,4.5,,,,
Réussir le Changement,ESSEC Business School,4.7,,,,
Auditing I: Conceptual Foundations of Auditing,University of Illinois at Urbana-Champaign,4.7,,,,
Coaching Skills for Managers,"University of California, Davis",4.4,,,,
Behavioral Finance,Duke University,4.7,,,,
Cybersecurity Compliance Framework & System Administration,IBM,4.7,,,,
Marketing with TikTok,Aptly,4.9,,,,
Everyday Parenting: The ABCs of Child Rearing,Yale University,4.7,,,,
Natural Language Processing with Probabilistic Models,DeepLearning.AI,4.7,,,,
Mathematics for Machine Learning: Linear Algebra,Imperial College London,4.8,,,,
Responsive Web Design in Adobe XD,Google,4.6,,,,
Healthcare Organization Operations,Rutgers the State University of New Jersey,4.8,,,,
Introduction to Programming with MATLAB,Vanderbilt University,4.8,,,,
Mathematics for Engineers,The Hong Kong University of Science and Technology,4.7,,,,
Using Python to Interact with the Operating System,Google,4.6,,,,
Analyze Datasets and Train ML Models using AutoML,DeepLearning.AI,4.8,,,,
تحليلات البيانات من Google,Google,4.7,,,,
Climate Change and Sustainable Investing,EDHEC Business School,4.5,,,,
Google UX Design (DE),Google,4.6,,,,
C Programming with Linux,Dartmouth College,4.8,,,,
Clinical Terminology for International and U.S. Students,University of Pittsburgh,4.8,,,,
"Make the Sale: Build, Launch, and Manage E-commerce Stores",Google,4.6,,,,
Data-Driven Decision Making (DDDM),University at Buffalo,4.7,,,,
Embedding Sensors and Motors,University of Colorado Boulder,4.8,,,,
Fundamentals of Reinforcement Learning,University of Alberta,4.5,,,,
"Python, Bash and SQL Essentials for Data Engineering",Duke University,4.7,,,,
Introduction to Finance: The Basics,University of Illinois at Urbana-Champaign,4.7,,,,
Fundamentals of Immunology,Rice University,4.6,,,,
Sales and CRM Overview,Salesforce,4.6,,,,
Digital Marketing Strategy and Planning,Digital Marketing Institute,4.8,,,,
Modern Art & Ideas,The Museum of Modern Art,4.7,,,,
Industrial Biotechnology,University of Manchester,4.7,,,,
Finance for Technical Managers,University of Colorado Boulder,4.7,,,,
Value-Based Care,University of Houston,3.9,,,,
Machine Learning for Trading,New York Institute of Finance,4.8,,,,
Terrorism and Counterterrorism: Comparing Theory and Practice,Universiteit Leiden,4.8,,,,
International Leadership and Organizational Behavior,Università Bocconi,4.8,,,,
AI For Everyone （すべての人のためのAIリテラシー講座）,DeepLearning.AI,4.6,,,,
Palo Alto Networks Cybersecurity,Palo Alto Networks,4.2,,,,
Write Your First Novel,Michigan State University,4.8,,,,
Entrepreneurship 1: Developing the Opportunity,University of Pennsylvania,4.8,,,,
Driving business towards the Sustainable Development Goals,Erasmus University Rotterdam,4.7,,,,
Cybersecurity Attack and Defense Fundamentals,EC-Council,4.4,,,,
Data Science: Statistics and Machine Learning,Johns Hopkins University,4.8,,,,
Financial Accounting Fundamentals,University of Virginia,4.5,,,,
Data Warehousing for Business Intelligence,University of Colorado System,4.2,,,,
Trading Strategies in Emerging Markets,Indian School of Business,4.5,,,,
Fundamentos de Ciencia de Datos con Python y SQL,IBM Skills Network,4.6,,,,
Understanding Research Methods,University of London,4.7,,,,
Competitive Strategy and Organization Design,Ludwig-Maximilians-Universität München (LMU),4.7,,,,
Organizational Change and Culture for Adopting Google Cloud,Google Cloud,4.7,,,,
"Speak English Professionally: In Person, Online & On the Phone",Georgia Institute of Technology,4.8,,,,
Marketing Digital,Universidade de São Paulo,4.8,,,,
SAP Professional Fundamentals,SAP,4.8,,,,
International Law in Action: the Arbitration of International Disputes,Universiteit Leiden,4.5,,,,
Python for Cybersecurity,Infosec,4.7,,,,
Introduction to Philosophy,The University of Edinburgh,4.6,,,,
Business Analytics with Excel: Elementary to Advanced,Johns Hopkins University,4.9,,,,
Programming with Google Go,"University of California, Irvine",4.8,,,,
Nuts and Bolts of U.S. Immigration Law,University of Pennsylvania,4.9,,,,
International Organizations Management,University of Geneva,4.9,,,,
Dino 101: Dinosaur Paleobiology,University of Alberta,4.5,,,,
Fundamentos de la gestión de proyectos,Google,4.7,,,,
Digital Signal Processing,École Polytechnique Fédérale de Lausanne,4.5,,,,
An Introduction to Consumer Neuroscience & Neuromarketing,Copenhagen Business School,4.9,,,,
Advanced Machine Learning on Google Cloud,Google Cloud,4.7,,,,
Moral Foundations of Politics,Yale University,4.7,,,,
Sports Marketing,Northwestern University,4.4,,,,
AI for Medical Diagnosis,DeepLearning.AI,4.8,,,,
Customer Experiences with Contact Center AI - Dialogflow CX,Google Cloud,4.8,,,,
Fundamentals of Computing,Rice University,4.7,,,,
Entrepreneurship Strategy: From Ideation to Exit,HEC Paris,4.5,,,,
Agile Leadership,University of Colorado System,4.7,,,,
Data Science Math Skills,Duke University,4.7,,,,
Immunology: The Immune System and its Failures,Imperial College London,4.6,,,,
Healthcare Law,University of Pennsylvania,4.9,,,,
An Introduction to Programming the Internet of Things (IOT),"University of California, Irvine",4.6,"2,5k reseñas",Intermediate, Specialization  ,3-6 Months
Doing more with Google Sheets,Google Cloud,4.9,55 reseñas,Intermediate, Course  ,1-4 Weeks
Suporte em TI do Google,Google,4.8,"1,6k reseñas",Beginner, Course  ,1-3 Months
Introductory C Programming,Duke University,4.6,"3,3k reseñas",Beginner, Course  ,1-3 Months
Excel Skills for Business: Intermediate I,Macquarie University,4.9,"2,8k reseñas",Beginner, Course  ,1-4 Weeks
"Divide and Conquer, Sorting and Searching, and Randomized Algorithms",Stanford University,4.9,614 reseñas,Intermediate, Specialization  ,3-6 Months
Introduction to Corporate Finance,University of Pennsylvania,4.7,"2,9k reseñas",Beginner, Course  ,1-3 Months
COVID-19 Contact Tracing,Johns Hopkins University,4.8,"1,4k reseñas",Advanced, Specialization  ,3-6 Months
Social Media Management,Meta,4.5,"5,3k reseñas",Mixed, Course  ,1-3 Months
Microsoft Azure AI Fundamentals AI-900 Exam Prep,Microsoft,4.4,"1,1k reseñas",Intermediate, Course  ,1-3 Months
English for Business and Entrepreneurship,University of Pennsylvania,4.8,"1,8k reseñas",Intermediate, Course  ,1-4 Weeks
Data Visualization with Python,IBM Skills Network,4.5,197 reseñas,Beginner, Specialization  ,3-6 Months
Advanced Statistics for Data Science,Johns Hopkins University,4.4,"3,9k reseñas",Beginner, Specialization  ,3-6 Months
Using Python to Access Web Data,University of Michigan,4.7,841 reseñas,Beginner, Course  ,1-4 Weeks
Marketing Strategy,IE Business School,4.6,"1,2k reseñas",Beginner, Specialization  ,3-6 Months
Improving Leadership & Governance in Nonprofit Organizations,University at Buffalo,4.8,11k reseñas,Beginner, Course  ,1-3 Months
"Leading for Equity, Diversity and Inclusion in Higher Education",University of Michigan,4.6,,,,
Analysing: Numeric and digital literacies,Macquarie University,4.8,,,,
Claves de la Dirección de Empresas,IESE Business School,4.3,,,,
Advanced Business Analytics,University of Colorado Boulder,4.8,,,,
Introduction to Technical Support,IBM Skills Network,4.7,,,,
Introduction to Quantum Information,Korea Advanced Institute of Science and Technology(KAIST),4.7,,,,
"Introduction to Financial Analysis - The ""Why?""",University of Illinois at Urbana-Champaign,4.6,,,,
Code Yourself! An Introduction to Programming,The University of Edinburgh,4.6,,,,
Visual Elements of User Interface Design,California Institute of the Arts,4.8,,,,
"FinTech: Foundations, Payments, and Regulations",University of Pennsylvania,4.7,,,,
Computational Social Science,"University of California, Davis",4.8,,,,
Circular Economy - Sustainable Materials Management,Lund University,4.7,,,,
Work Smarter with Microsoft Word,Microsoft,4.7,,,,
Oil & Gas Industry Operations and Markets,Duke University,4.5,,,,
First Principles of Computer Vision,Columbia University,4.7,,,,
Business and Marketing Strategies,University of London,4.4,,,,
Site Reliability Engineering: Measuring and Managing Reliability,Google Cloud,4.6,,,,
Aboriginal Worldviews and Education,University of Toronto,4.6,,,,
WhatsApp Business Platform for Developers,Meta,4.3,,,,
From Data to Insights with Google Cloud,Google Cloud,4.7,,,,
Natural Language Processing in TensorFlow,DeepLearning.AI,4.8,,,,
Natural Language Processing with Attention Models,DeepLearning.AI,4.6,,,,
Bases de Inteligencia Artificial para Todos,IBM Skills Network,4.4,,,,
Fundamentals of GIS,"University of California, Davis",4.7,,,,
Suicide Prevention,Wesleyan University,4.7,,,,
Systems Biology and Biotechnology,Icahn School of Medicine at Mount Sinai,4.8,,,,
Value Chain Management,University of Illinois at Urbana-Champaign,4.6,,,,
Version Control,Meta,4.5,,,,
Gender Analytics: Gender Equity through Inclusive Design,University of Toronto,4.8,,,,
Hands-on Introduction to Linux Commands and Shell Scripting,IBM Skills Network,4.8,,,,
"Introduction to Web Development with HTML, CSS, JavaScript",IBM Skills Network,4.8,,,,
Corporate & Commercial Law I: Contracts & Employment Law,University of Illinois at Urbana-Champaign,4.2,,,,
Modern Big Data Analysis with SQL,Cloudera,4.7,,,,
Science of Exercise,University of Colorado Boulder,4.8,,,,
Introduction to Spreadsheets and Models,University of Pennsylvania,3.9,,,,
Work Smarter with Microsoft Excel,Microsoft,4.8,,,,
Design a User Experience for Social Good & Prepare for Jobs,Google,4.9,,,,
Spring Framework,LearnQuest,4.5,,,,
Addiction Treatment: Clinical Skills for Healthcare Providers,Yale University,4.7,,,,
Introduction to Forensic Science,"Nanyang Technological University, Singapore",4.8,,,,
Digital Technologies and the Future of Manufacturing,University of Michigan,4.7,,,,
Sales Training for High Performing Teams,HubSpot Academy,4.8,,,,
Solar Energy Basics,The State University of New York,4.7,,,,
Creative Thinking: Techniques and Tools for Success,Imperial College London,4.7,,,,
Health Behavior Change: From Evidence to Action,Yale University,4.8,,,,
Diversity and Inclusion for HR Professionals,"University of California, Irvine",4.7,,,,
Improving Communication Skills,University of Pennsylvania,4.7,,,,
Leading Diverse Teams & Organizations,University of Michigan,4.5,,,,
"Sequences, Time Series and Prediction",DeepLearning.AI,4.8,,,,
"Energy Production, Distribution & Safety",University at Buffalo,4.8,,,,
Health Information Literacy for Data Analytics,"University of California, Davis",4.8,,,,
Mindfulness and Well-being,Rice University,4.8,,,,
Vital Signs: Understanding What the Body Is Telling Us,University of Pennsylvania,4.7,,,,
Introduction to English Common Law,University of London,4.8,,,,
TensorFlow 2 for Deep Learning,Imperial College London,4.8,,,,
Machine Learning for All,University of London,4.7,,,,
Construction Project Management,Columbia University,4.7,,,,
Satisfaction Guaranteed: Develop Customer Loyalty Online,Google,4.8,,,,
International Marketing & Cross Industry Growth,Yonsei University,4.7,,,,
Strategic Management and Innovation,Copenhagen Business School,4.8,,,,
SAS Advanced Programmer,SAS,4.7,,,,
Software Development Lifecycle,University of Minnesota,4.8,,,,
Leading: Human Resource Management and Leadership,Macquarie University,4.8,,,,
Power Electronics,University of Colorado Boulder,4.7,,,,
Foundations of Public Health Practice,Imperial College London,4.7,,,,
Excel Fundamentals for Data Analysis,Macquarie University,4.7,,,,
FinTech: Finance Industry Transformation and Regulation,The Hong Kong University of Science and Technology,4.8,,,,
Qualitative Research Design and Methods for Public Health,Emory University,4.5,,,,
A Crash Course in Causality: Inferring Causal Effects from Observational Data,University of Pennsylvania,4.5,,,,
"Aspectos básicos: Datos, datos, en todas partes",Google,4.9,,,,
Preparing for Google Cloud Certification: Cloud Data Engineer Professional Certificate 日本語版,Google Cloud,4.6,,,,
Leverage Data Science for a More Agile Supply Chain,"University of California, Irvine",3.8,,,,
Uncommon Sense Teaching,Deep Teaching Solutions,4.7,,,,
Computational Neuroscience,University of Washington,4.7,,,,
Google Project Management (DE),Google,4.5,,,,
Introduction to Software Engineering,IBM Skills Network,4.6,,,,
Network Security & Database Vulnerabilities,IBM,4.7,,,,
Social Media Marketing in Practice,Digital Marketing Institute,4.4,,,,
"Penetration Testing, Incident Response and Forensics",IBM,4.8,,,,
Object Oriented Java Programming: Data Structures and Beyond,University of California San Diego,4.7,,,,
Python and Statistics for Financial Analysis,The Hong Kong University of Science and Technology,4.6,,,,
21st Century Energy Transition: how do we make it work?,University of Alberta,4.6,,,,
"Information Systems Auditing, Controls and Assurance",The Hong Kong University of Science and Technology,4.6,,,,
Investment Management in an Evolving and Volatile World by HEC Paris and AXA Investment Managers,HEC Paris,4.7,,,,
The Fundamentals of Personal Finance,SoFi,4.5,,,,
C++ Programming for Unreal Game Development,University of Colorado System,4.6,,,,
An Introduction to Accessibility and Inclusive Design,University of Illinois at Urbana-Champaign,4.5,,,,
Fundamentals of Music Theory,The University of Edinburgh,4.5,,,,
Content Strategy for Professionals,Northwestern University,4.5,,,,
Business Sustainability in the Circular Economy,University of London,4.5,,,,
Android App Development,Vanderbilt University,4.7,,,,
Creativity and AI,"Parsons School of Design, The New School",4.4,,,,
"Data Engineering, Big Data and ML on Google Cloud 日本語版",Google Cloud,4.7,,,,
The Social Context of Mental Health and Illness,University of Toronto,4.5,,,,
Digital Transformation in Financial Services,Copenhagen Business School,4.8,,,,
Version Control with Git,Atlassian,4.8,,,,
Data Science with Databricks for Data Analysts,Databricks,4.7,,,,
Gender and Sexuality: Diversity and Inclusion in the Workplace,University of Pittsburgh,4.8,,,,
"Innovation Through Design: Think, Make, Break, Repeat",The University of Sydney,4.8,,,,
Google Cloud Fundamentals: Core Infrastructure,Google Cloud,4.6,,,,
Introduction to Engineering Mechanics,Georgia Institute of Technology,4.8,,,,
English for Journalism,University of Pennsylvania,4.8,,,,
Six Sigma Principles,University System of Georgia,4.6,,,,
"Organizational Leadership in Diversity, Equity & Inclusion",Rice University,4.7,,,,
Introduction to Hardware and Operating Systems,IBM Skills Network,4.8,,,,
Introduction to Google SEO,"University of California, Davis",4.9,,,,
Medical Cannabis: The Health Effects of THC and CBD,University of Colorado Boulder,4.7,,,,
What is Compliance?,University of Pennsylvania,4.7,,,,
"GIS, Mapping, and Spatial Analysis",University of Toronto,4.8,,,,
ADHD: Everyday Strategies for Elementary Students,University at Buffalo,4.5,,,,
Initiating and Planning Projects,"University of California, Irvine",4.8,,,,
Essentials in Clinical Simulations Across the Health Professions,The George Washington University,4.7,,,,
Machine Learning Introduction for Everyone,IBM Skills Network,4.8,,,,
Innovation: From Creativity to Entrepreneurship,University of Illinois at Urbana-Champaign,4.8,,,,
Instructional Methods in Health Professions Education,University of Michigan,4.8,,,,
Preparing to Manage Human Resources,University of Minnesota,4.4,,,,
Feedback Loops: How to Give & Receive High-Quality Feedback,University of Michigan,4.7,,,,
Python Basics,University of Michigan,4.6,,,,
Introduction to Dental Medicine,University of Pennsylvania,4.5,,,,
Finance for Non-Financial Managers,Emory University,4.7,,,,
Managerial Economics and Business Analysis,University of Illinois at Urbana-Champaign,4.5,,,,
Machine Learning,University of Washington,4.5,,,,
How to Start Your Own Business,Michigan State University,4.8,,,,
Global Diplomacy: the United Nations in the World,University of London,4.8,,,,
Microsoft Azure Developer Associate (AZ-204),Microsoft,4.7,,,,
Sustainable Cities,Johns Hopkins University,4.3,,,,
Epidemiology for Public Health,Imperial College London,4.6,,,,
Spanish for Successful Communication in Healthcare Settings,Rice University,4.8,,,,
Digital Transformation Using AI/ML with Google Cloud,Google Cloud,4.5,,,,
Survey Data Collection and Analytics,"University of Maryland, College Park",4.5,,,,
Algorithmic Toolbox,University of California San Diego,4.8,,,,
Digital Transformation,University of Virginia,4.8,,,,
Introduction to Data Science in Python,University of Michigan,4.7,,,,
Financial Acumen for Non-Financial Managers,University of Pennsylvania,4.6,,,,
Social Work Practice: Advocating Social Justice and Change,University of Michigan,4.7,,,,
Engineering Health: Introduction to Yoga and Physiology,New York University,4.8,,,,
Learning to Teach Online,UNSW Sydney (The University of New South Wales),4.8,,,,
Modeling and Control of Power Electronics,University of Colorado Boulder,4.8,,,,
Strategy and Sustainability,IESE Business School,4.9,,,,
Sustainable Fashion,Copenhagen Business School,4.9,,,,
Finanzas personales,Universidad Nacional Autónoma de México,4.6,,,,
Autodesk CAD/CAM for Manufacturing,Autodesk,4.5,,,,
Marketing en redes sociales de Meta,Meta,4.8,,,,
إدارة المشروعات من Google,Google,4.6,,,,
Corporate Sustainability. Understanding and Seizing the Strategic Opportunity,Università Bocconi,4.5,,,,
The Business of Product Management I,Advancing Women in Tech,4.6,,,,
Google SEO Fundamentals,"University of California, Davis",4.9,"16,2k reseñas",Beginner, Course  ,1-4 Weeks
Scaling Operations: Linking Strategy and Execution,Northwestern University,4.7,"1,3k reseñas",Beginner, Course  ,1-3 Months
Fundamentals of Visualization with Tableau,"University of California, Davis",3.0,368 reseñas,Intermediate, Course  ,1-3 Months
Probabilistic Graphical Models 1: Representation,Stanford University,4.8,"4,3k reseñas",Beginner, Specialization  ,3-6 Months
Troubles du spectre de l'autisme : diagnostic,University of Geneva,4.4,"15,8k reseñas",Intermediate, Specialization  ,3-6 Months
Politics and Economics of International Energy,Sciences Po,4.8,954 reseñas,Beginner, Specialization  ,3-6 Months
Econometrics for Economists and Finance Practitioners,Queen Mary University of London,4.6,"1,4k reseñas",Beginner, Course  ,1-3 Months
The Art of Music Production,Berklee,4.7,64 reseñas,Intermediate, Professional Certificate  ,3-6 Months
Machine Learning Modeling Pipelines in Production,DeepLearning.AI,4.6,48 reseñas,Intermediate, Specialization  ,3-6 Months
Queering Identities: LGBTQ+ Sexuality and Gender Identity,University of Colorado System,4.7,1k reseñas,Beginner, Specialization  ,1-3 Months
Tally Bookkeeper,Tally Education,4.9,254 reseñas,Intermediate, Course  ,1-3 Months
Business English,Arizona State University,4.6,"6,1k reseñas",Beginner, Specialization  ,3-6 Months
Entrepreneurship: Launching an Innovative Business,"University of Maryland, College Park",4.7,"1,3k reseñas",Beginner, Specialization  ,3-6 Months
Foundations of Global Health,Johns Hopkins University,4.8,"12,1k reseñas",Intermediate, Course  ,1-3 Months
Introduction to Early Childhood,The State University of New York,3.2,"5,8k reseñas",Beginner, Course  ,1-4 Weeks
International Business Essentials,University of London,4.7,"26,5k reseñas",Intermediate, Course  ,1-4 Weeks
Accounting Data Analytics,University of Illinois at Urbana-Champaign,4.1,847 reseñas,Beginner, Course  ,1-4 Weeks
Schizophrenia,Wesleyan University,4.7,311 reseñas,Mixed, Course  ,1-4 Weeks
CompTIA Exam Prep,LearnQuest,4.5,454 reseñas,Beginner, Course  ,3-6 Months
Innovation Management,Erasmus University Rotterdam,4.7,"2,9k reseñas",Beginner, Course  ,1-3 Months
Data-Driven Decisions with Power BI,Knowledge Accelerators,4.9,115 reseñas,Intermediate, Specialization  ,3-6 Months
Leading transformations: Manage change,Macquarie University,4.9,421 reseñas,Beginner, Course  ,1-3 Months
Introduction to Comparative Indo-European Linguistics,Universiteit Leiden,4.7,659 reseñas,Beginner, Course  ,1-3 Months
Introduction to Business,"University of California, Irvine",4.8,"7,8k reseñas",Mixed, Course  ,1-3 Months
Rebuilding Our Relationship with Food,Stanford University,4.8,917 reseñas,Intermediate, Specialization  ,3-6 Months
Introdução à Ciência da Computação com Python Parte 1,Universidade de São Paulo,4.8,673 reseñas,Beginner, Professional Certificate  ,3-6 Months
Introduction to Systems Engineering,UNSW Sydney (The University of New South Wales),4.8,151 reseñas,Beginner, Professional Certificate  ,3-6 Months
"The Modern World, Part Two: Global History since 1910",University of Virginia,4.7,703 reseñas,Mixed, Course  ,1-3 Months
Integrative Nursing,University of Minnesota,4.9,622 reseñas,Beginner, Course  ,1-4 Weeks
Foundations of Business Strategy,University of Virginia,4.8,"3,2k reseñas",Mixed, Course  ,1-4 Weeks
Accounting: Principles of Financial Accounting,IESE Business School,4.8,240 reseñas,Mixed, Course  ,1-3 Months
Game Design and Development with Unity 2020,Michigan State University,4.9,6k reseñas,Beginner, Course  ,1-4 Weeks
Arm Cortex-M Architecture and Software Development,Arm,4.6,"1,4k reseñas",Advanced, Course  ,1-3 Months
Chinese for Beginners,Peking University,4.7,647 reseñas,Intermediate, Course  ,1-3 Months
Supply Chain Logistics,Rutgers the State University of New Jersey,4.8,"1,7k reseñas",Beginner, Course  ,1-3 Months
Aspectos básicos del diseño de la experiencia del usuario,Google,4.4,16 reseñas,Intermediate, Specialization  ,3-6 Months
Programming in C++: A Hands-on Introduction,Codio,4.8,"1,9k reseñas",Intermediate, Course  ,1-3 Months
Security Principles,(ISC)²,4.4,311 reseñas,Advanced, Course  ,1-3 Months
Administración de Empresas,Universidad de Palermo,4.6,631 reseñas,Beginner, Course  ,1-3 Months
Google IT Support,Google,4.8,21 reseñas,Beginner, Professional Certificate  ,3-6 Months
Nutrition and Lifestyle in Pregnancy,Ludwig-Maximilians-Universität München (LMU),4.6,"2,2k reseñas",Intermediate, Specialization  ,3-6 Months
Swift 5 iOS Application Developer,LearnQuest,4.6,2k reseñas,Beginner, Specialization  ,3-6 Months
Technical Communication,University of Colorado Boulder,4.3,"1,1k reseñas",Beginner, Specialization  ,3-6 Months
Write A Feature Length Screenplay For Film Or Television,Michigan State University,4.7,14 reseñas,Beginner, Course  ,1-3 Months
Medical Terminology I,Rice University,4.7,"1,7k reseñas",Intermediate, Specialization  ,3-6 Months
3D Printing and Additive Manufacturing,University of Illinois at Urbana-Champaign,4.7,499 reseñas,Intermediate, Specialization  ,3-6 Months
Introduction to Logic and Critical Thinking,Duke University,4.6,"1,9k reseñas",Intermediate, Course  ,1-3 Months
Cybersecurity Risk Management Framework,Infosec,4.8,80 reseñas,Beginner, Course  ,1-3 Months
Project Practicum with Multiple Projects,"University of California, Irvine",4.7,"1,8k reseñas",Beginner, Course  ,1-3 Months
Design of Experiments,Arizona State University,4.6,97 reseñas,Beginner, Course  ,1-3 Months
Weight Management: Beyond Balancing Calories,Emory University,4.5,"1,3k reseñas",Beginner, Course  ,1-3 Months
Getting Started with Git and GitHub,IBM Skills Network,4.9,42 reseñas,Intermediate, Course  ,1-3 Months
Project Planning,"University of California, Irvine",4.7,154 reseñas,Beginner, Specialization  ,1-3 Months
Leading Healthcare Quality and Safety,The George Washington University,4.9,198 reseñas,Beginner, Course  ,1-4 Weeks
Big Data – Introducción al uso práctico de datos masivos,Universitat Autònoma de Barcelona,4.7,"6,7k reseñas",Beginner, Course  ,1-3 Months
Linear Circuits 1: DC Analysis,Georgia Institute of Technology,4.8,694 reseñas,Mixed, Course  ,1-3 Months
Introduction to Agile Development and Scrum,IBM Skills Network,4.7,"1,5k reseñas",Beginner, Course  ,1-3 Months
Teamwork Skills: Communicating Effectively in Groups,University of Colorado Boulder,4.7,741 reseñas,Beginner, Specialization  ,3-6 Months
Inclusive Leadership: The Power of Workplace Diversity,University of Colorado System,4.9,"2,8k reseñas",Beginner, Course  ,1-4 Weeks
Fundamentos de IA para Todos,IBM Skills Network,4.5,"2,8k reseñas",Beginner, Course  ,1-4 Weeks
Google شهادة تقنية المعلومات من,Google,4.7,447 reseñas,Beginner, Specialization  ,3-6 Months
Dog Emotion and Cognition,Duke University,4.6,23 reseñas,Intermediate, Specialization  ,3-6 Months
Artificial Intelligence: an Overview,Politecnico di Milano,4.7,"18,1k reseñas",Mixed, Course  ,1-3 Months
Understanding Einstein: The Special Theory of Relativity,Stanford University,4.8,"9,6k reseñas",Beginner, Course  ,1-4 Weeks
Customer Experiences with Contact Center AI - Dialogflow ES,Google Cloud,4.5,"1,5k reseñas",Beginner, Course  ,1-4 Weeks
Cyber Security Fundamentals,University of London,4.5,701 reseñas,Beginner, Specialization  ,3-6 Months
Healing with the Arts,University of Florida,4.7,47 reseñas,Beginner, Course  ,1-3 Months
Customer Segmentation and Prospecting,Northwestern University,4.8,"1,1k reseñas",Beginner, Specialization  ,3-6 Months
European Business Law,Lund University,4.3,35 reseñas,Beginner, Professional Certificate  ,3-6 Months
Cloud-Native Development with OpenShift and Kubernetes,Red Hat,4.7,"2,8k reseñas",Intermediate, Course  ,1-4 Weeks
Natural Language Processing with Sequence Models,DeepLearning.AI,4.8,857 reseñas,Beginner, Specialization  ,3-6 Months
Design Thinking for Innovation,University of Virginia,4.5,,,,
"Sleep: Neurobiology, Medicine, and Society",University of Michigan,4.8,,,,
Salesforce Fundamentals,"University of California, Irvine",4.7,,,,
Project Management: Foundations and Initiation,University of Colorado Boulder,4.1,,,,
Introduction to Git and GitHub,Google,4.8,,,,
Building Cloud Computing Solutions at Scale,Duke University,4.7,,,,
Patient Safety,Johns Hopkins University,4.6,,,,
Data Analytics in the Public Sector with R,University of Michigan,4.8,,,,
African development – from the past to the present,Lund University,4.7,,,,
Foundations of Health Equity Research,Johns Hopkins University,4.7,,,,
Fundamentals of Flight mechanics,ISAE-SUPAERO,4.6,,,,
Exploratory Data Analysis for Machine Learning,IBM Skills Network,4.1,,,,
Managing the Company of the Future,University of London,4.7,,,,
International Security Management,Erasmus University Rotterdam,4.6,,,,
Introduction to Cyber Attacks,New York University,4.6,,,,
Foundations of Data Science: K-Means Clustering in Python,University of London,4.6,,,,
Liabilities and Equity in Accounting,Intuit,4.8,,,,
Camino a la Excelencia en Gestión de Proyectos,Pontificia Universidad Católica de Chile,4.6,,,,
Virtual Teacher,"University of California, Irvine",4.7,,,,
Introduction to Genomic Technologies,Johns Hopkins University,4.6,,,,
Deploying Machine Learning Models in Production,DeepLearning.AI,4.8,,,,
Fundamentals of Machine Learning for Healthcare,Stanford University,4.8,,,,
Econometrics: Methods and Applications,Erasmus University Rotterdam,4.6,,,,
Epidemiology: The Basic Science of Public Health,The University of North Carolina at Chapel Hill,4.8,,,,
Drug Discovery,University of California San Diego,4.7,,,,
Arts and Heritage Management,Università Bocconi,4.8,,,,
Chicken Behaviour and Welfare,The University of Edinburgh,4.6,,,,
User Interface Design,University of Minnesota,4.8,,,,
Spacecraft Dynamics and Control,University of Colorado Boulder,4.8,,,,
Central Banks and Monetary Policy,University of Illinois at Urbana-Champaign,4.8,,,,
Introduction to Back-End Development,Meta,4.7,,,,
Design-Led Strategy: Design thinking for business strategy and entrepreneurship,The University of Sydney,4.8,,,,
"Project Management: Tools, Approaches, Behavioural Skills",Politecnico di Milano,4.6,,,,
Newborn Baby Care,University of Colorado System,4.7,,,,
Financing and Investing in Infrastructure,Università Bocconi,4.9,,,,
Creative Writing: The Craft of Plot,Wesleyan University,4.5,,,,
Introduction to Portfolio Construction and Analysis with Python,EDHEC Business School,4.5,,,,
English Composition I,Duke University,4.7,,,,
Making Data Science Work for Clinical Reporting,Genentech,4.6,,,,
Agile Meets Design Thinking,University of Virginia,4.5,,,,
Understanding Medical Research: Your Facebook Friend is Wrong,Yale University,4.8,,,,
Learn English: Advanced Academic Speaking and Listening,"University of California, Irvine",4.8,,,,
National Academy of Sports Medicine Nutrition Essentials,National Academy of Sports Medicine,4.2,,,,
Antimicrobial resistance - theory and methods,Technical University of Denmark (DTU),4.7,,,,
Data Science for Investment Professionals,CFA Institute,4.7,,,,
Responsive Website Development and Design,University of London,4.8,,,,
"Competencias digitales. Herramientas de ofimática (Microsoft Word, Excel, Power Point)",Universitat Autònoma de Barcelona,4.4,,,,
Hiring Practices,"University of California, Irvine",4.9,,,,
Biology Meets Programming: Bioinformatics for Beginners,University of California San Diego,4.7,,,,
Children's Human Rights - An Interdisciplinary Introduction,University of Geneva,4.8,,,,
Transformación digital,BCG,4.8,,,,
Business Writing,University of Colorado Boulder,4.6,,,,
Introduction to Operations Management,University of Pennsylvania,5.0,,,,
"Custom Models, Layers, and Loss Functions with TensorFlow",DeepLearning.AI,4.7,,,,
"Solar Energy for Engineers, Architects and Code Inspectors",University at Buffalo,4.8,,,,
Feminism and Social Justice,"University of California, Santa Cruz",4.5,,,,
Data Science Ethics,University of Michigan,4.7,,,,
Understanding child development: from synapse to society,Utrecht University,4.4,,,,
Fundamentals of Database Systems,Coursera Project Network,4.7,,,,
ESG Impact: Investor Perspective,University of Pennsylvania,4.8,,,,
Launch Your Online Business,The State University of New York,4.7,,,,
Business English for Non-Native Speakers,The Hong Kong University of Science and Technology,4.5,,,,
Introduction to iOS Mobile Application Development,Meta,4.5,,,,
Curso Completo de Power BI Desktop,Coursera Project Network,4.6,,,,
Devenir entrepreneur du changement,HEC Paris,4.6,,,,
Marketing e vendas B2B: Fechando novos negócios,Universidade de São Paulo,4.7,,,,
Wind Energy,Technical University of Denmark (DTU),4.5,,,,
Introduction to Application Development,LearnQuest,4.6,,,,
Introduction to Augmented Reality and ARCore,Google AR & VR,4.8,,,,
Data-driven Decision Making,PwC,4.6,,,,
Oracle SQL Databases,LearnQuest,4.6,,,,
Cyber Threat Intelligence,IBM,4.7,,,,
Secure Coding Practices,"University of California, Davis",4.9,"3,3k reseñas",Beginner, Course  ,1-4 Weeks
IELTS Writing Section Skills Mastery,"University of California, Irvine",4.7,"1,7k reseñas",Beginner, Course  ,1-3 Months
Ordered Data Structures,University of Illinois at Urbana-Champaign,4.4,"1,2k reseñas",Intermediate, Specialization  ,3-6 Months
"Build, Train, and Deploy ML Pipelines using BERT",DeepLearning.AI,4.8,22 reseñas,Beginner, Course  ,1-4 Weeks
Negotiations,University of Pennsylvania,4.8,"2,2k reseñas",Intermediate, Course  ,1-3 Months
Design Thinking for the Greater Good: Innovation in the Social Sector,University of Virginia,4.6,69 reseñas,Beginner, Specialization  ,3-6 Months
"Federal Taxation I: Individuals, Employees, and Sole Proprietors",University of Illinois at Urbana-Champaign,4.7,"7,5k reseñas",Beginner, Specialization  ,3-6 Months
Virtual Reality,University of London,4.7,"5,2k reseñas",Beginner, Course  ,1-3 Months
Probability Theory: Foundation for Data Science,University of Colorado Boulder,4.7,106 reseñas,Beginner, Course  ,1-4 Weeks
FinTech Law and Policy,Duke University,4.6,"1,4k reseñas",Beginner, Course  ,1-4 Weeks
Introduction to Genetics and Evolution,Duke University,4.7,2k reseñas,Beginner, Course  ,1-3 Months
The Data Scientist’s Toolbox,Johns Hopkins University,4.7,173 reseñas,Beginner, Course  ,1-4 Weeks
Scrum Master Certification: Scrum Methodologies,LearnQuest,4.8,"4,2k reseñas",Beginner, Course  ,1-4 Weeks
Operations Analytics,University of Pennsylvania,4.9,"2,5k reseñas",Mixed, Course  ,1-4 Weeks
Miracles of Human Language: An Introduction to Linguistics,Universiteit Leiden,4.8,840 reseñas,Intermediate, Course  ,1-3 Months
Implementing RPA with Cognitive Automation and Analytics,Automation Anywhere,4.6,"1,2k reseñas",Beginner, Specialization  ,3-6 Months
Curanderismo: Traditional Healing Using Plants,University of New Mexico,4.8,"5,7k reseñas",Beginner, Course  ,1-4 Weeks
Become a Journalist: Report the News!,Michigan State University,4.1,769 reseñas,Beginner, Course  ,1-3 Months
React Basics,Meta,4.9,238 reseñas,Beginner, Course  ,1-3 Months
Equine Welfare and Management,"University of California, Davis",4.9,8 reseñas,Intermediate,,
Decentralized Finance (DeFi) Infrastructure,Duke University,4.8,108 reseñas,Mixed, Course  ,1-4 Weeks
Introduction to Microsoft Azure Cloud Services,Microsoft,4.9,349 reseñas,Beginner, Course  ,1-4 Weeks
Greek and Roman Mythology,University of Pennsylvania,4.7,"2,2k reseñas",Beginner, Specialization  ,3-6 Months
Statistical Modeling for Data Science Applications,University of Colorado Boulder,4.8,410 reseñas,Beginner, Course  ,1-4 Weeks
The Oral Cavity: Portal to Health and Disease,University of Pennsylvania,4.7,528 reseñas,Beginner,,
Bugs 101: Insect-Human Interactions,University of Alberta,4.7,583 reseñas,Mixed, Course  ,1-3 Months
Psicología,Universidad de Palermo,4.7,378 reseñas,Beginner, Course  ,1-4 Weeks
Learn to Speak Korean 1,Yonsei University,4.6,"6,9k reseñas",Mixed, Course  ,1-3 Months
Image Processing for Engineering and Science,MathWorks,4.8,144 reseñas,Beginner, Specialization  ,3-6 Months
"The Sustainable Development Goals – A global, transdisciplinary vision for the future",University of Copenhagen,4.3,"3,6k reseñas",Beginner, Course  ,1-4 Weeks
Ciencia de Datos Aplicada,IBM Skills Network,4.8,"5,9k reseñas",Beginner, Course  ,1-4 Weeks
Introduction to Enterprise Computing,IBM,4.8,457 reseñas,Beginner, Specialization  ,3-6 Months
HTML and CSS in depth,Meta,4.5,"1,3k reseñas",Beginner, Course  ,1-3 Months
People Analytics,University of Pennsylvania,4.8,523 reseñas,Intermediate, Specialization  ,3-6 Months
Gestión de Proyectos,Tecnológico de Monterrey,4.7,743 reseñas,Beginner, Course  ,1-4 Weeks
Building Scalable Java Microservices with Spring Boot and Spring Cloud,Google Cloud,4.7,819 reseñas,Mixed, Course  ,1-4 Weeks
Leadership in 21st Century Organizations,Copenhagen Business School,3.4,121 reseñas,Advanced, Course  ,1-4 Weeks
University Teaching,The University of Hong Kong,4.6,16 reseñas,Beginner, Course  ,1-4 Weeks
Information Visualization,New York University,4.7,388 reseñas,Beginner, Course  ,1-4 Weeks
Conflict Transformation,Emory University,4.6,565 reseñas,Intermediate, Course  ,1-3 Months
Kotlin for Java Developers,JetBrains,4.7,2k reseñas,Beginner, Specialization  ,3-6 Months
"Everyday Excel, Part 1",University of Colorado Boulder,4.7,103 reseñas,Intermediate, Course  ,1-3 Months
"Data Wrangling, Analysis and AB Testing with SQL","University of California, Davis",4.5,782 reseñas,Beginner, Course  ,1-3 Months
Personal & Family Financial Planning,University of Florida,4.8,"1,4k reseñas",Mixed, Course  ,1-3 Months
Autodesk Certified Professional: Revit for Architectural Design Exam Prep,Autodesk,4.8,"33,6k reseñas",Mixed, Course  ,1-4 Weeks
"Programming Foundations with JavaScript, HTML and CSS",Duke University,4.5,514 reseñas,Beginner, Course  ,1-4 Weeks
Google Cloud Big Data and Machine Learning Fundamentals,Google Cloud,4.9,"4,9k reseñas",Mixed, Course  ,1-4 Weeks
A Law Student's Toolkit,Yale University,4.7,"2,3k reseñas",Beginner, Course  ,1-3 Months
R Programming,Johns Hopkins University,4.3,604 reseñas,Beginner, Specialization  ,3-6 Months
Negociación exitosa: Estrategias y habilidades esenciales (en español),University of Michigan,4.5,198 reseñas,Beginner, Course  ,1-3 Months
How Things Work: An Introduction to Physics,University of Virginia,4.8,"1,5k reseñas",Beginner, Specialization  ,3-6 Months
Expressway to Data Science: Essential Math,University of Colorado Boulder,4.7,501 reseñas,Beginner, Course  ,1-4 Weeks
Mercados financieros,Yale University,4.9,320 reseñas,Beginner, Course  ,1-3 Months
Autodesk Certified Professional: AutoCAD for Design and Drafting Exam Prep,Autodesk,4.8,"1,2k reseñas",Beginner, Course  ,1-4 Weeks
"Problem Solving, Python Programming, and Video Games",University of Alberta,4.7,"1,5k reseñas",Beginner, Course  ,1-4 Weeks
Digital Advertising Strategy,University of Colorado Boulder,4.8,"2,2k reseñas",Mixed, Course  ,1-3 Months
Differential Calculus through Data and Modeling,Johns Hopkins University,4.7,30 reseñas,Intermediate, Specialization  ,3-6 Months
English for Common Interactions in the Workplace: Basic Level,Pontificia Universidad Católica de Chile,4.6,682 reseñas,Intermediate, Course  ,1-3 Months
Effective Compliance Programs,University of Pennsylvania,4.6,"1,2k reseñas",Beginner, Course  ,3-6 Months
"Inclusion, Diversity, Equity, & Access Essentials",University of North Texas,4.7,770 reseñas,Beginner, Specialization  ,3-6 Months
Introduction to Cybersecurity & Risk Management,"University of California, Irvine",4.7,"9,9k reseñas",Beginner, Course  ,1-3 Months
ESG and Climate Change,University of Pennsylvania,4.5,74 reseñas,Beginner, Specialization  ,1-3 Months
Renewable Energy and Green Building Entrepreneurship,Duke University,4.7,"4,1k reseñas",Beginner, Course  ,1-4 Weeks
Introduction to Financial Engineering and Risk Management,Columbia University,4.8,181 reseñas,Beginner, Specialization  ,3-6 Months
Advanced Django: Mastering Django and Django Rest Framework,Codio,4.7,800 reseñas,Beginner, Course  ,1-4 Weeks
Love as a Force for Social Justice,Stanford University,4.7,517 reseñas,Beginner, Course  ,1-4 Weeks
"Recruiting, Hiring, and Onboarding Employees",University of Minnesota,4.8,"5,8k reseñas",Mixed, Course  ,1-4 Weeks
The Influence of Social Determinants on Health,University of Michigan,4.7,361 reseñas,Beginner, Specialization  ,3-6 Months
Introduction to Biology: Ecology,Rice University,4.6,"1,2k reseñas",Intermediate, Course  ,1-4 Weeks
Visualizing the Living Body: Diagnostic Imaging,Yale University,4.8,992 reseñas,Mixed, Course  ,3-6 Months
Build Better Generative Adversarial Networks (GANs),DeepLearning.AI,5.0,"1,2k reseñas",Beginner, Course  ,1-3 Months
Autodesk Certified Professional: Civil 3D for Infrastructure Design Exam Prep,Autodesk,4.7,413 reseñas,Beginner, Specialization  ,3-6 Months
商务基础 (中文版),University of Pennsylvania,4.8,377 reseñas,Beginner, Course  ,1-3 Months
Global Environmental Management,Technical University of Denmark (DTU),4.7,"1,9k reseñas",Intermediate, Course  ,1-3 Months
Global Warming I: The Science and Modeling of Climate Change,The University of Chicago,4.7,3k reseñas,Beginner, Course  ,1-3 Months
"Excel/VBA for Creative Problem Solving, Part 1",University of Colorado Boulder,4.7,765 reseñas,Intermediate, Course  ,1-4 Weeks
Blood Film Morphology - A Practical Guide,University of Western Australia,4.7,"1,4k reseñas",Mixed, Course  ,1-3 Months
Building Your Freelancing Career,California Institute of the Arts,4.5,841 reseñas,Advanced, Course  ,1-4 Weeks
Diseño y Gestión de Proyectos de Desarrollo,Banco Interamericano de Desarrollo,4.7,"14,2k reseñas",Beginner, Course  ,1-3 Months
Introduction to Probability and Data with R,Duke University,4.8,"15,4k reseñas",Beginner, Course  ,1-3 Months
Chemicals and Health,Johns Hopkins University,4.4,"1,3k reseñas",Mixed, Course  ,1-3 Months
Security Awareness Training,(ISC)²,4.8,"21,9k reseñas",Intermediate, Course  ,1-4 Weeks
Understanding and Visualizing Data with Python,University of Michigan,4.6,"2,4k reseñas",Mixed, Course  ,1-3 Months
Getting Started with AI using IBM Watson,IBM Skills Network,4.8,"2,7k reseñas",Intermediate, Course  ,1-3 Months
Microeconomics: The Power of Markets,University of Pennsylvania,4.5,204 reseñas,Intermediate, Specialization  ,3-6 Months
International Law In Action: Investigating and Prosecuting International Crimes,Universiteit Leiden,4.8,253 reseñas,Beginner, Course  ,1-3 Months
Privacy and Standardisation,EIT Digital,4.7,"2,4k reseñas",Advanced, Course  ,1-4 Weeks
Fundamentals of Social Media Advertising,Meta,4.8,197 reseñas,Beginner, Course  ,1-3 Months
Cybersecurity in Healthcare (Hospitals & Care Centres),Erasmus University Rotterdam,4.7,637 reseñas,Beginner, Specialization  ,3-6 Months
Storytelling and influencing: Communicate with impact,Macquarie University,4.7,228 reseñas,Intermediate, Specialization  ,3-6 Months
Programación en Python,Universidad de los Andes,4.7,"1,1k reseñas",Mixed, Course  ,1-3 Months
The Technology of Music Production,Berklee,4.7,594 reseñas,Mixed, Course  ,1-4 Weeks
Introduction to HTML5,University of Michigan,4.7,67 reseñas,Beginner, Course  ,1-4 Weeks
Sample-based Learning Methods,University of Alberta,4.7,180 reseñas,Beginner, Specialization  ,1-3 Months
