Title,Organization,Course_duration,Course_clases,Course_level,Course_actual_price,Course_original_price
"Hacking ético para dummies: conceptos previos
Entiende y entra en el mundo del Hacking ético, con todos los conceptos más básicos, desde el principio.",Lord Astra,"1,5 horas en total",24 ,Principiante,"14,99 €","19,99 €"
"Manejo de formato de archivo Geopackage para GIS
El nuevo formato estable para compartir y trabajar con geodatos",Ramiro Jesus Scherer,39 minutos en total,6 ,Principiante,"19,99 €",
"Domina los SIG con ARCGIS (Nivel Intermedio)
Realiza Analisis Espaciales de calidad a partir de tus datos, Estructura Geodatabase, Modela tus Datos en 3D y mucho Más",Manuel Morales,"11,5 horas en total",88 ,Intermedio,"14,99 €","29,99 €"
"Exámenes Google Associate Cloud Engineer 2023 | Español
Obtenga la certificación Google Cloud Associate Cloud Engineer con estos completos exámenes de prueba.",Cristina Trinidad,1 hora en total,18 ,Principiante,"14,99 €","19,99 €"
"Google Looker Studio desde Cero
Looker Studio desde cero a experto",Andres Felipe Gallego Muñoz,"1,5 horas en total",14 ,Principiante,"14,99 €","19,99 €"
"Professional VMware vSphere 7.x Exam VCP-DCV 2023
Examen profesional de vSphere 7.x VCP-DCV 2023 (código de examen 2V0-21.20) - ACTUALIZACIÓN DE ENERO DE 2023",Ingeniero TEC,1 hora en total,25 ,Intermedio,"14,99 €","19,99 €"
"Curso de Automation Testing Mobile con Katalon Studio
Comenzá a automatizar pruebas móviles con Katalon Studio desde cero. No se necesitan conocimientos previos.",Matías Panusopulos • +25.000 estudiantes,"4,5 horas en total",65 ,Todos los niveles,"14,99 €","34,99 €"
"Certificacion ITIL 4 Foundation 2023: 8 EXAMENES
Simulador 2023: Certificación satisfactoria en menos de 7 días!",Dominik Hoppe,3 horas en total,22 ,Todos los niveles,"14,99 €","24,99 €"
"240 preguntas de simulación de examen ISTQB Foundation Level
240 preguntas con respuestas y justificaciones, para prepararse rumbo a la certificación en pruebas ISTQB fundamentos.",Alejandro Reyes,"3,5 horas en total",50 ,Principiante,"14,99 €","19,99 €"
"Exam AZ-305 - Designing Azure Infrastructure Solutions 2023
Examen AZ-305 - Designing Azure Infrastructure Solutions - Preguntas del examen",Ingeniero TEC,2 horas en total,46 ,Principiante,"14,99 €","29,99 €"
"HPE0-V14 Building HPE Hybrid IT Solutions
HPE0-V14 Building HPE Hybrid IT Solutions Practice Tests",Ingeniero TEC,12 horas en total,5 ,Intermedio,"14,99 €","29,99 €"
"Modelado de amenazas con STRIDE y Microsoft Modeling Tool
Adquiere conocimientos valiosos en Modelado de Amenazas de Ciberseguridad, con las herramientas mas usadas en esta área",Jorge Andrey Poblador Lizarazo,"1,5 horas en total",10 ,Principiante,"14,99 €","19,99 €"
"Hacking ético: Doxing,Redes sociales ,Redes wifi.
Aprende todo sobre el hacking ético desde cero !!",Rodrigo soto,2 horas en total,18 ,Principiante,"14,99 €","94,99 €"
"Protégete y Detecta el Phishing. La principal vulnerabilidad
La mayor Vulnerabilidad de las Personas y Empresas es el Phishing, y la única forma de protegerse es la capacitación",Alvaro Chirou • 1.300.000+ Enrollments Worldwide,"4,5 horas en total",39 ,Experto,"14,99 €","94,99 €"
"Introducción a las Pruebas de Usabilidad, UX y Accesibilidad
usabilidad, ux, accesibilidad",Lisandra Armas Águila,1 hora en total,19 ,Principiante,"14,99 €","44,99 €"
"2023 Gestión Ágil de Proyectos con Scrum: Curso AGILE
2023 Gestión Ágil de Proyectos con Scrum: curso para aprender cómo gestionar proyectos utilizando principios de Scrum",Master Class,2 horas en total,27 ,Principiante,"14,99 €","19,99 €"
"Scrum Master para Certificación
Scrum Master para Certificación",JMG Virtual Consulting S.L,"11,5 horas en total",40 ,Experto,"15,99 €","19,99 €"
"Certifícate como SCRUM Master (PSM 1, CSM, SMPC)
Banco de 300 preguntas sobre SCRUM - 6 test",German Hernandez,"2,5 horas en total",13 ,Intermedio,"14,99 €","94,99 €"
"Conviértete en un Experto en Creación de Metaversos
Crea Experiencias Virtuales Únicas y Personalizada,Importación de Figuras 3D, Compartir Pantalla y Galerías de Arte",Manuel Mazán,"33,5 horas en total",393 ,Todos los niveles,"15,99 €","19,99 €"
"cmd para principiantes
Conviertete en un experto en el uso de la linea de comandos de Windows",Manuel Sepulveda,"10,5 horas en total",120 ,Intermedio,"15,99 €","19,99 €"
"Ansible: De cero a usuario experto
Incluye Ansible Galaxy, la creación de módulos propietarios con Python y el despliegue infraestructura en la nube de AWS",Proyecto Oforte Cursos de calidad sobre Tecnología.,"12,5 horas en total",31 ,Intermedio,"99,99 €","129,99 €"
"A4Q Selenium Tester Foundation - Examen de práctica
Exámenes de apoyo para la certificación",Edgar Herrera Casas,1 hora en total,8 ,Todos los niveles,"14,99 €","69,99 €"
"Implementación de servidores Apache en Ubuntu Server
Aprende a instalar, configurar y administrar servidores web con Apache en Ubuntu Server",Pablo Zubiri,4 horas en total,11 ,Intermedio,"14,99 €","19,99 €"
"NUEVO! 4 CISA Test Examen 2023 SPANISH (ISACA)
4 x 150 Pruebas prácticas de examen 600 preguntas - CISA (ISACA) - Preguntas de 5 dominios",Agnaldo Pereira,1 hora en total,8 ,Principiante,"14,99 €","19,99 €"
"Introducción a Prolaborate
¡Conoce los aspectos esenciales de Prolaborate para colaborar en los modelos de Enterprise Architect de Sparx Systems!",Agustin Zappone,"1,5 horas en total",20 ,Principiante,"14,99 €","19,99 €"
"[2023] CSA Cloud Security Knowledge (CCSK): Simulador
Entrénate con preguntas teóricas y práctica de Seguridad en la nube.",Ready2Pass Academy,2 horas en total,24 ,Principiante,"14,99 €","79,99 €"
"Game developer Tower Defense Game en Unity: Basico a Experto
Tu momento ha llegado El mejor curso para aprender a desarollar videojuegos y programar en C Sharp",Raymundo Martínez,"8,5 horas en total",59 ,Principiante,"14,99 €","19,99 €"
"Recopilación de información con Python
Aprende a recopilar información de un objetivo empleando Python",Juan Carlos Guzmán Contreras,1 hora en total,18 ,Principiante,"14,99 €","49,99 €"
"Exámenes | AWS Certified Solutions Architect Associate | ES
6 exámenes de práctica para la certificación AWS Certified Solutions Architect - Associate",CYB Training,"13,5 horas en total",95 ,Principiante,"14,99 €","19,99 €"
"Curso de AWS Certified Solutions Architect Associate SAA-C03
Prepárate para el examen de AWS Solutions Architect Associate SAA-C03 en Español | Examen de práctica completo incluido",Sparx Argentina - proagile s.a.,6 horas en total,58 ,Todos los niveles,"14,99 €","19,99 €"
"Curso: Playwright con Javascript en Español
Aprende Automatización de Pruebas con Playwright con Javascritp nivel Basico- Intermedio",Pedro Oncoy,"8,5 horas en total",38 ,Todos los niveles,"14,99 €","19,99 €"
"Reparacion de Notebook a nivel electronico
Reparacion,placa,notebook,corto,tecnicoCalificación: 4,7 de 5",Braulio Castillo,"2,5 horas en total",44 ,Intermedio,"14,99 €","19,99 €"
"Appian BPM Basics
Aprende Appian fácil y sencillo con ejemplos prácticos",Santiago de Diego,44 minutos en total,11 ,Todos los niveles,"14,99 €","29,99 €"
"GCP Professional Architect.- Final Updated Practice Exams
Theory and case of use practice exams",Héctor Uriel Pérez,40 minutos en total,12 ,Principiante,"14,99 €","29,99 €"
"Simulador Certificación ISO 27001 Español / Inglés
ISO 27001 / ISO27001 EN Sample test","Joan Amengual | AWS Certified & Senior Blockchain Professional, Stephane Maarek | AWS Certified Cloud Practitioner,Solutions Architect,Developer","5,5 horas en total",44 ,Todos los niveles,"79,99 €","94,99 €"
"Como adaptar la plantilla AdminLTE 2 y 3 con php y MVC
Aprende a como adaptar la plantilla AdminLTE en su versión 2 y 3, utilizando php8 y POO, PDO y MVC.",Rodrigo Villanueva Nieto,"3,5 horas en total",40 ,Principiante,"14,99 €","19,99 €"
"Seguridad Informática
Cuestiones básicas y recursos prácticos",Hernan Gerardo Delicio,"11,5 horas en total",30 ,Intermedio,"14,99 €","79,99 €"
"Introduccion a la virtualizacion con VMware vSphere
Aprende a crear y administrar un entorno virtualizado con VMware vSphere",JMG Virtual Consulting S.L,8 horas en total,73 ,Principiante,"15,99 €","19,99 €"
"Aprende Power BI con un caso Práctico
carga de datos, visualizaciones, reporte de power BI",German Hernandez,"8,5 horas en total",32 ,Principiante,"14,99 €","94,99 €"
"Terraform: De principiante a certificado 2023
Aprenda de forma practica a dominar esta gran herramienta y preparese para rendir la certificacion oficial de Terraform.",Manuel Mazán,32 minutos en total,14 ,Todos los niveles,"15,99 €","19,99 €"
"Microsoft SC-200: Más de 160 preguntas 2023
Curso preparación examen SC-200: Microsoft Security Operations Analyst en español.",Manuel Sepulveda,7 horas en total,67 ,Intermedio,"15,99 €","19,99 €"
"Aprende a liderar la transformación digital con el PETI
Aprende a liderar la transformación digital en tu empresa con el Plan Estratégico de TI",Proyecto Oforte Cursos de calidad sobre Tecnología.,"3,5 horas en total",35 ,Todos los niveles,"99,99 €","129,99 €"
"Domina los SIG con QGIS (Nivel Básico)
Genera mapas de calidad a partir de tus datos, representa, muestra y comparte de forma fácil y rápida tu información.",Martin Camacho,12 horas en total,94 ,Principiante,"14,99 €","44,99 €"
"MS 900 Microsoft 365 Fundamentals Español Actualizado 2023.
Certificación MS-900 Microsoft Fundamentals - Incluye libros oficiales, Labs y material de simulación, actualizado 2023.",Ivan Proiectus,1 hora en total,9 ,Principiante,"14,99 €","19,99 €"
"SQL Server: Transact-SQL de Básico-Avanzado - Full Práctica
Aprende el Lenguaje Transact-SQL de manera práctica, utilizando las sentencias más usadas en el ámbito profesional.",Andrés Torres,2 horas en total,19 ,Principiante,"14,99 €","19,99 €"
"Facturacíón electrónica con Odoo
Aprende a implementar la facturación electrónica en negocios o empresas - Localización Perú",Luis Fernando Ramos,"2,5 horas en total",33 ,Todos los niveles,"14,99 €","19,99 €"
"Curso De Recuperación De Información Discos DVR 2023
Cómo Abrir Archivos .swf Discos DVR",Antonio Gatell Contreras,2 horas en total,19 ,Principiante,"14,99 €","19,99 €"
"Introducción a la Impresión 3D: Del Diseño a la Realidad
Impresión 3D",Jose Manuel Ramirez,10 horas en total,21 ,Intermedio,"14,99 €","19,99 €"
"SC900 Fundamentos de seguridad,cumplimiento e identidad 2023
Certificación SC-900 Fundamentals - Incluye libros oficiales, Labs y material de simulación, actualizado.",Duver Mesa,8 horas en total,81 ,Intermedio,"14,99 €","19,99 €"
"WhatsApp Api con NodeJS Envío y Recepción de Mensajes
WhatsApp Api con NodeJS Envío y Recepción de Mensajes, Creación de un Chat BOT, Integración con CHATGPT",Eduardo Nazareno Anselmi,"5,5 horas en total",24 ,Principiante,"79,99 €","94,99 €"
"Programación de microcontroladores dsPIC33F Family-Parte II
Aprende a programar 2 tipos de uC de la Familia 33FJ (DSPIC33FJ32MC204 y DSPIC33FJ128MC804) simulado en Proteus y Real.",Energy Admin,"5,5 horas en total",52 ,Intermedio,"14,99 €","19,99 €"
"Raspberrypi Desde Cero
Aprende a programar la RaspberryPi y desarrolla scripts en Python para pasar tus proyectos maker al siguiente nivel",Master Class,"7,5 horas en total",62 ,Todos los niveles,"14,99 €","19,99 €"
"Curso profesional Altium Design desde 0 para ingenieros
Paso a paso, desde los esquemáticos, pasando por las PCB y terminando con la fabricación",Manuel Morales,"2,5 horas en total",5 ,Experto,"14,99 €","19,99 €"
"6 exámenes de práctica | AWS Solutions Architect Associate
Prepárate para tu examen SAA-C03. ¡390 preguntas de exámenes de práctica en español con explicaciones detalladas!",Ramiro Calderon Marin,33 minutos en total,9 ,Intermedio,"14,99 €","19,99 €"
"exámenes de práctica de AWS Certified Cloud Practitioner
Colección de exámenes de práctica de AWS Certified Cloud Practitioner (300 preguntas por 5 veces)",Roberto Enrique Yanayaco Pintado,3 horas en total,5 ,Principiante,"14,99 €","24,99 €"
"Appian BPM: Syncronized Backed-Records
Service and DB Backed Records",Bigodoo Consultores,4 horas en total,49 ,Principiante,"14,99 €","29,99 €"
"CompTIA A+ 220-1101 Simulación de examen de práctica 540 Q&A
Estamos actualizando el curso y siempre incluiremos nuevas pruebas de A+ 220-1101",Danid Vallejos,4 horas en total,54 ,Intermedio,"14,99 €","29,99 €"
"Domina los SIG con ARCGIS PRO (Nivel Intermedio)
Realiza Gepprocesmientos, Analisis Espaciales de calidad a partir de tus datos, Estructura Geodatabases y mucho Más",Steven Rivera,3 horas en total,6 ,Principiante,"14,99 €","19,99 €"
"Master en Wireshark (De principiante a avanzado)
Aprende todo acerca de sniffing, monitoreo de red y hacking",Ramiro Calderon Marin,6 horas en total,54 ,Experto,"14,99 €","19,99 €"
"Exam MS-900: Microsoft 365 Fundamentals
Examen de Microsoft MS-900",Davis Anderson Bastidas Vicente,"6,5 horas en total",36 ,Intermedio,"14,99 €","19,99 €"
"Domina los SIG con ARCGIS PRO (Nivel Básico)
Genera mapas de calidad a partir de tus datos, representa, muestra y comparte de forma facil y rapida tu información.",Jhon Ore Sulca,"1,5 horas en total",18 ,Principiante,"14,99 €","94,99 €"
"Mantenimiento y Soporte Técnico de Chromebooks
Aprende sobre configuración, solución de problemas y mantenimiento",Andres Nino,"3,5 horas en total",21 ,Principiante,"14,99 €","69,99 €"
"CAPM® 2023 SIMULATOR TEST
CAPM simulators",CoolTechnologies.es España,"10,5 horas en total",38 ,Todos los niveles,"14,99 €","19,99 €"
"Aprende ChatGPT desde cero
Domina la Inteligencia Artificial del momento","Joan Amengual | AWS Certified & Senior Blockchain Professional, Abhishek Singh | 9x AWS, Stephane Maarek | AWS Certified Cloud Practitioner,Solutions Architect,Developer","15,5 horas en total",95 ,Intermedio,"14,99 €","94,99 €"
"ESPAÑOL -Curso Huawei HCIA Routing & Switching INTERMEDIATE
HCIA R&S - INTERMEDIATE",Cloud Pioneer,"2,5 horas en total",15 ,Principiante,"14,99 €","19,99 €"
"Preguntas Microsoft Azure Fundamentals AZ-900 - 2023
Actualizado Febrero 2023. Obtiene la certificación de Microsoft Azure Fundamentals AZ-900",Martin Camacho,"12,5 horas en total",73 ,Experto,"14,99 €","44,99 €"
"Domina los SIG con QGIS (Nivel Intermedio)
Realiza Analisis Espaciales de calidad a partir de tus datos, Estructura Bases de Datos, Modela en 3D y mucho Más",Andrea Bellini,"7,5 horas en total",31 ,Principiante,"14,99 €","24,99 €"
"Scrum Master Professional Certificate (SMPC) Examen Oficial
Un simulador para validar el conocimiento de Scrum y lograr aprobar el examen de conocimientos.",Manuel Morales,"11,5 horas en total",107 ,Intermedio,"14,99 €","29,99 €"
"Curso de Criptografía: Teoríco y Práctico (con Laboratorios)
Aprende qué es el cifrado, hash, firmas digitales, certificados digitales y protocolos seguros.",Fernando Conislla Murguia,"12,5 horas en total",39 ,Intermedio,"14,99 €","49,99 €"
"Preparate para aprobar ISTQB Foundation Level
Todo lo que necesitas saber para aprobar el examen",Alma Ortiz,"4,5 horas en total",40 ,Principiante,"14,99 €","24,99 €"
"Desarrollo WEB Moderno con HTML y CSS
Desarrollo WEB Moderno con HTML y CSS para principiantes.",Manuel Morales,"4,5 horas en total",34 ,Todos los niveles,"14,99 €","19,99 €"
"Taller Smart Lighting 2
Con DMX",Beny Blanco,5 horas en total,50 ,Intermedio,"14,99 €","84,99 €"
"Preguntas Microsoft Azure AI Fundamentals AI-900 - 2023
Actualizado Febrero 2023. Obtiene la certificación de Microsoft Azure AI Fundamentals AI-900",Guillermo García Velarde,3 horas en total,7 ,Intermedio,"14,99 €","19,99 €"
"Nuevo! 4 CISM Tests Examen 2023 SPANISH (ISACA)
4 x 150 Test de prácticas de examen: 600 preguntas - CISM (ISACA) - 4 dominios de preguntas",Edumar Group,"3,5 horas en total",5 ,Intermedio,"14,99 €","19,99 €"
"Exámenes de práctica | MS PL-300: Analista de datos Power BI
Prepárese para la certificación Microsoft PL-300: Analista de datos Power BI | Power BI Data Analyst",Pato Giovannini,3 horas en total,5 ,Intermedio,"14,99 €","19,99 €"
"Curso de armado para drone Freestyle de 5”
Armado de Drones",Edumar Group,4 horas en total,5 ,Principiante,"14,99 €","19,99 €"
"Fundamentos de Base de Datos
Fundamentos de Base de Datos",José Manuel Izquierdo Hernández,28 horas en total,28 ,Intermedio,"14,99 €","94,99 €"
"Fundamentos de Redes: Aprende las bases del Networking
Descubre cómo funciona la tecnología detrás de las redes de datos y el Networking desde lo más básico.",Cinco Minutos Faciles,9 horas en total,17 ,Principiante,"14,99 €","19,99 €"
"ETL Data Testing: Todo lo que necesitás saber
ETL y Data Testing, con la ayuda de Python",Manuel Morales,"3,5 horas en total",5 ,Principiante,"14,99 €","29,99 €"
"Automatización web con Wolfram Language - Mathematica 13.2
Automatización de tareas mediante el navegador web",Digital Academy TEC,"12,5 horas en total",5 ,Intermedio,"14,99 €","19,99 €"
"Exámenes de práctica MS 500-Practice Tests actualizado 2023
Exámenes de práctica para la prueba MS-500: Administración de seguridad de Microsoft 365-Practice Tests for the MS-500",Profe Sang,5 horas en total,67 ,Todos los niveles,"14,99 €","19,99 €"
"Taller de CCTV
Básico de cámaras de seguridad",Nadia Cavalleri,"17,5 horas en total",6 ,Principiante,"14,99 €","49,99 €"
"Matlab & Simulink Aplicado A La Ingenieria
Uso de MATLAB & SIMULINK Aplicado a la Ingenieria, Con enfasis en la Ingenieria Eléctrica",Sergio Fiodorov,2 horas en total,11 ,Intermedio,"14,99 €","94,99 €"
"NDI 5 y flujos de video usando ndi
entender el nuevo flujo con NDI®",Roberto Cueva,"3,5 horas en total",47 ,Principiante,"14,99 €","19,99 €"
"Aprender a subir imágenes a un servidor con Dropzone.js
Sube imágenes a un servidor con Dropzone.js, PHP y MySQL",Cinco Minutos Faciles,"5,5 horas en total",42 ,Todos los niveles,"14,99 €","19,99 €"
"Curso Completo Intune
Microsoft Intune",CYB Training,2 horas en total,25 ,Todos los niveles,"14,99 €","19,99 €"
"Six Sigma: Entrenamiento COMPLETO Black Belt
Entrenamiento Black Belt como enseñado en Alemania",Wade Henderson,"7,5 horas en total",36 ,Todos los niveles,"14,99 €","19,99 €"
"Seguridad en Oracle APEX 18.x
Todo lo que necesitas saber para crear aplicaciones web seguras en Oracle APEX",Samo FPV,45 horas en total,197 ,Principiante,"14,99 €","19,99 €"
"Introducción a la Ciberseguridad en OT (ICS/SCADA)
Para profesionales que deseen aprender sobre los fundamentos de la ciberseguridad en entornos industriales",Edgar Herrera Casas,7 horas en total,53 ,Intermedio,"14,99 €","19,99 €"
"CCNA 200-301 Exam Practice Tests (Update 8 March 2023)
Complete your training with 700+ exam level practice questions that include practice simulations and pass the CCNA exam",Tockertesh en español,"7,5 horas en total",82 ,Principiante,"14,99 €","29,99 €"
"GCP Associate Cloud Engineer Examen Practico 2023
2022 Examen de Google Associate Cloud Engineer, preparate y aprueba el examen de certificación | 300 preguntas/respuesta",The Free Range Tester,"2,5 horas en total",23 ,Todos los niveles,"14,99 €","59,99 €"
"Terraform Associate - certificado profesional
El mejor Curso de Terraform en Español, para desplegar infraestructura con ejemplos prácticos y funcionales en AWS, Azur",Gerardo Condado Aguilar,1 hora en total,21 ,Intermedio,"14,99 €","94,99 €"
"Exámenes de Práctica para Certified in Cybersecurity de ISC2
Apruebe el examen ISC2 Certified in Cybersecurity (CC) en su primer intento.",Ramiro Calderon Marin,2 horas en total,18 ,Todos los niveles,"14,99 €","19,99 €"
"Curso de Servomotores Delta -Nivel Básico usando ASDAsoft
Aprende hoy mismo! A tu ritmo y donde sea!",Roberto Cueva,"20,5 horas en total",77 ,Todos los niveles,"14,99 €","19,99 €"
"Web APIs (NET 7) La Guia Completa (Crear y Consumir API)
Cree una API web RESTful (C#) con autenticación y aprenda a consumirlos en una aplicación del mundo real (API .NET 7)",Jhonny Alexander Jaimes Carvajal,20 horas en total,51 ,Intermedio,"14,99 €","94,99 €"
"Aplicación Web FullStack con Spring Boot y Angular
Aprende a desarrollar aplicaciones como un pro",Alberto Alonso Valdivia,38 minutos en total,8 ,Todos los niveles,"14,99 €","29,99 €"
"Crea tu primera App Móvil con Flutter y Dart
Crea tu primera App Móvil una Pokédex funcional con Flutter y Dart",Davis Anderson Bastidas Vicente,6 horas en total,30 ,Todos los niveles,"14,99 €","19,99 €"
"DP 900 Data Fundamentals en Español - Incluye Exámen - 2023
Entrenamiento para la Certificación DP 900 Azure Data Fundamentals + Examen de Certificación Gratis.",Ivan Gomez,"3,5 horas en total",7 ,Experto,"14,99 €","39,99 €"
"Curso de Base de Datos Firebird
Base de Datos Firebird",Juan Jose Martinez Zaldivar,"4,5 horas en total",36 ,Todos los niveles,"14,99 €","94,99 €"
"Taller Smart Metering
Con KNX",Clarisa Maman Orfali,"2,5 horas en total",13 ,Intermedio,"109,99 €",
"Taller Smart Lighting
Con DALI",Diego Espitia,"2,5 horas en total",7 ,Intermedio,"14,99 €","39,99 €"
"Taller Smart Building
Básico de KNX",Manuel Pérez,"2,5 horas en total",49 ,Principiante,"14,99 €","19,99 €"
"Taller de Alexa Security
Básico de domótica Zigbee",Jonny David Lezcano Algarin,19 horas en total,29 ,Experto,"14,99 €","29,99 €"
"Bootcamp de Domótica & Inmótica
30 proyectos",Alejandro Guzman Castellanos,3 horas en total,16 ,Principiante,"14,99 €","59,99 €"
"Como crear notificaciones con php8, POO, PDO, MVC y AdminLTE
Como crear notificaciones con php8, POO, PDO, JavaScript, Ajax, MVC y AdminLTE","Paulo Carreira, Andree Miranda","16,5 horas en total",44 ,Todos los niveles,"14,99 €","29,99 €"
"Taller Smart Home
Básico de domótica Wifi",Hernan Palacios Sala,"5,5 horas en total",43 ,Todos los niveles,"14,99 €","44,99 €"
"Curso de Inmótica
Con KNX y DALI","Bhrugen Patel, Carlos Piedra",22 horas en total,81 ,Intermedio,"14,99 €","94,99 €"
"[2023] ITIL 4 FUNDAMENTOS - 6 EXAMENES DE PRÁCTICA
240 preguntas en Español (primer examen con explicación)",Juan Carlos Estevez Vargas,"8,5 horas en total",43 ,Todos los niveles,"14,99 €","84,99 €"
"Como crear tu Propia Tienda Online con PrestaShop 1.7
Crear tu propia plataforma E-commerce para vender tus productos y servicios aceptando pagos con Tarjeta",Davis Anderson Bastidas Vicente,"5,5 horas en total",12 ,Principiante,"14,99 €","19,99 €"
"Curso de Domótica
Con Alexa y Google Home",Ramiro Calderon Marin,19 horas en total,33 ,Principiante,"14,99 €","19,99 €"
"Desarrollando Sistema de Ventas (C# y MySQL Server)
Sistema de Ventas (C# y MySQL Server)",Víctor Ramos,7 horas en total,41 ,Todos los niveles,"14,99 €","19,99 €"
"DevOps Fundamentos: Qué significa DevOps para el negocio
DevOps Fundamentos: DevOps desde el punto de vista del negocio",Roberto Cueva,"3,5 horas en total",21 ,Todos los niveles,"14,99 €","19,99 €"
"Módulo de compras Odoo Enterprise 15
Todo lo que debes saber sobre las compras en Odoo.",Roberto Cueva,21 horas en total,252 ,Todos los niveles,"14,99 €","19,99 €"
"Seguridad Informática para Computadoras. Protege tus Datos.
Brinda seguridad informática a tu información confidencial, aprende a utilizar copias de seguridad, antivirus y firewall",Roberto Cueva,"2,5 horas en total",13 ,Principiante,"14,99 €","19,99 €"
"Aprende a desarrollar en blockchain con React+Solidity
Vamos a desarrollar un caso de uso real en la industria con React (NextJS), Solidity (NFTs con ERC721), Hardhat, Fleek",Roberto Cueva,"20,5 horas en total",166 ,Todos los niveles,"14,99 €","19,99 €"
"Gestión de mantenimiento industrial con laravel
Con las ventajas de Livewire",Roberto Cueva,12 horas en total,61 ,Intermedio,"14,99 €","79,99 €"
"Curso de Base de Datos Oracle Database
Base de Datos Oracle Database",Luis Fernando Ramos,"2,5 horas en total",28 ,Todos los niveles,"14,99 €","19,99 €"
"Gestion de servicios con ITIL4 y simuladores de examen
Comprende como liderar servicios empresariales y sus prácticas más difundidas para lograr VALOR",Roberto Cueva,13 horas en total,74 ,Todos los niveles,"14,99 €","19,99 €"
"Introducción a Postman y API Testing para Principiantes
Guía de inicio para realizar tests de API e introducción a Postman. Conviertete en un PRO del API Testing con este curso",Roberto Cueva,3 horas en total,31 ,Todos los niveles,"14,99 €","39,99 €"
"Curso de Google Hacking || Dorks Comandos para Hackear
Aprende a usar los comandos de google para afilar tus busquedas como herramienta de reconocimiento para el hacking",Ricardo Cabrera Lozada,"11,5 horas en total",143 ,Principiante,"14,99 €","19,99 €"
"Azure DevOps: Azure Boards 100% práctico
Aprende y domina Azure DevOps Boards de forma rápida y 100% práctica",Marbust Technology Company,14 horas en total,69 ,Todos los niveles,"14,99 €","94,99 €"
"PLC Embedido con AVR (Programar, Instalar y Fabricar)
Aprende a instalar y a programar un PLC, o diseñar y fabricar tu propio PLC Embedido usando AVR",Roberto Cueva,"2,5 horas en total",7 ,Intermedio,"14,99 €","39,99 €"
"Programación en Arduino, con aplicaciones electrónicas.
Conviértete en MASTER en desarrollo de proyectos Arduino. Desarrolla dispositivos Increíbles!",Víctor Ramos,5 horas en total,49 ,Intermedio,"14,99 €","19,99 €"
"Aprende a abrir tu puerta desde tu dispositivo móvil
Usa tu propia App, para abrir la puerta de tu casa con seguridad, con responsabilidad de seguridad electrónica.","Gabriela Di Paola, The center of IT training",1 hora en total,13 ,Intermedio,"14,99 €","19,99 €"
"Curso de Proxmox VE completo, desde 0 a experto
Proxmox VE es una plataforma completa de código abierto para la virtualización empresarial.",XP Solution,4 horas en total,16 ,Todos los niveles,"14,99 €","24,99 €"
"Haciendo una Casa Inteligente
Aprende a Reconocer los Principales Equipos de Automatización para Casas y levanta tu proyecto de automatización.","Alvaro Chirou • 1.300.000+ Enrollments Worldwide, Walter Coto || +400,000 Estudiantes","2,5 horas en total",101 ,Experto,"14,99 €","94,99 €"
"Seguridad informática para Teléfonos. Protege tus Datos.
Brinda seguridad al dispositivo que con mas frecuencia se realizan los Ciberataques y vulneran empresas, tu celular.",Alejandro Susillo Ridao,"2,5 horas en total",84 ,Experto,"14,99 €","84,99 €"
"Analisis de malware
Aprende a realizar análisis de malware estático y dinámico",Edwin Henriquez,4 horas en total,127 ,Intermedio,"14,99 €","19,99 €"
"AppSheet desde cero
IntermedioCalificación: 4,1 de 5",Víctor Ramos,15 horas en total,51 ,Principiante,"14,99 €","19,99 €"
"Curso funcional de Odoo ERP 16 EE con ejercicios prácticos.
Todo lo básico que necesitas saber para iniciar con Odoo ERP desde el punto de vista funcional.",Alexander Ramos Espinosa,"13,5 horas en total",73 ,Principiante,"14,99 €","54,99 €"
"Curso PLC SIEMENS TIA PORTAL nivel avanzado Pt2
Curso avanzado de programación PLC con software TIA Portal Siemens, distinto a cualquier otro que hayas tomado",Randy Varela,1 hora en total,60 ,Principiante,"14,99 €","24,99 €"
"Electrónica DIGITAL: Flip-Flops
Los Flip-Flops son los ladrillos fundamentales para construir gran parte de la electrónica digital.",Luis orlando muñoz bueno,9 horas en total,97 ,Todos los niveles,"14,99 €","19,99 €"
"Curso PLC SIEMENS TIA PORTAL niveles básico e Intermedio Pt1
Curso basico intermedio de programación PLC con software TIA Portal Siemens, distinto a cualquier otro que hayas tomado",Jorge Fernández Carlavilla,10 horas en total,67 ,Intermedio,"14,99 €","19,99 €"
"Módulo de ventas Odoo Enterprise 15
Todo lo que debes saber sobre las ventas en Odoo.",Ernesto Paredes Martinez,16 horas en total,142 ,Todos los niveles,"14,99 €","94,99 €"
"Edición de imagen y vídeo con Python: Pillow, GMIC e imageio
Aprenda a programar editores de fotografía y vídeo con Python",Juan Cruz Petazzi Cardetti,4 horas en total,44 ,Intermedio,"14,99 €","24,99 €"
"Meshcentral: Una Alternativa de Gestion Remota
Otra manera de brindar el soporte a tu infraestructura desde la comodidad de tu navegador preferido",Paul Illanes,3 horas en total,38 ,Principiante,"14,99 €","19,99 €"
"Tecnologías de ciberseguridad
Diseño de arquitectura de ciberseguridad.",Arturo Diaz Lora,10 horas en total,76 ,Todos los niveles,"14,99 €","19,99 €"
"Microsoft 365 Fundamentals MS-900 - Practice exams (348Q)
Practice Test MS-900 - Practice exams (348 Question)",Armando Useche,"6,5 horas en total",72 ,Intermedio,"14,99 €","49,99 €"
"Factorytalk + Studio 5000 [Aprende con un proyecto]
Aprende a programar HMIs y PLCs de Allen Bradley (Maquina Virtual incluída)","Alvaro Chirou • 1.300.000+ Enrollments Worldwide, Walter Coto || +400,000 Estudiantes","5,5 horas en total",44 ,Todos los niveles,"14,99 €","94,99 €"
"Microsoft Access COMPLETO desde 0
Aprende a utilizar Microsoft Access desde 0 hasta el final, sin necesidad de tener conocimientos previos.",Daniel Espinonsa,42 horas en total,350 ,Todos los niveles,"14,99 €","19,99 €"
"Microsoft EXCEL COMPLETO desde 0
Aprende a utilizar Excel desde 0 hasta el final, sin necesidad de tener conocimientos previos.",Manuel Aragonés Arroyo,"7,5 horas en total",61 ,Experto,"29,99 €",
"Vmware vSphere 8: ESXi y vCenter desde cero a avanzado
Aprende a trabajar con el entorno vSphere 8 de Vmware, con ESXi y vCenter , estándares en virtualización empresarial",Marlon Falcón Hernández,"16,5 horas en total",151 ,Todos los niveles,"14,99 €","19,99 €"
"Instala AS-ABAP Versión 7.52 en tu máquina
Usa tu propia PC para instalar Application Server ABAP y práctica libremente el lenguaje de programación ABAP",Rodrigo Díaz Academia PLC,4 horas en total,14 ,Principiante,"14,99 €","49,99 €"
"Curso completo de Linux: Manejo de comandos y Shell Script
Aprende a manejar Linux profesionalmente. Conviértete en un experto en Linux, manejo de comandos, Bash y Shell Script.",Fernando Manso,2 horas en total,14 ,Principiante,"14,99 €","19,99 €"
"Asistente virtual (Jarvis) con Microcontroladores PIC
Configuración de asistente virtual para computadora con Microcontroladores PIC",Rodrigo Díaz Academia PLC,10 horas en total,52 ,Principiante,"14,99 €","49,99 €"
"Domina PrusaSlicer para impresion 3D
Domina el Software para impresión 3D mas Avanzado de la industria",XP Solution,"2,5 horas en total",27 ,Todos los niveles,"14,99 €","24,99 €"
"[2022] Cybersecurity Fundamentals (CSX-F): Simulador examen
Entrénate para el examen de certificación ITCA Cybersecurity Fundamentals y da a conocer de esa forma tus conocimientos",Fernando Vicente,6 horas en total,28 ,Principiante,"14,99 €","94,99 €"
"Hacking Wifi Profesional. Realiza Auditorias sobre Seguridad
Aprenderás a realizar Auditorias sobre redes Wifi como un Hacker Profesional. Hacking Wifi en WEP/WPA/WPA2 & Enterprise",Carlos Cuellar Lana,11 horas en total,62 ,Principiante,"14,99 €","54,99 €"
"Aprende PYTHON de CERO a EXPERTO
Aprende Python sin ningún conocimiento previo",Rafael López,"8,5 horas en total",16 ,Intermedio,"14,99 €","44,99 €"
"Certified Ethical Hacking ( Exam ) 2023
( Examen en Español )",Manuel Pérez,"5,5 horas en total",10 ,Principiante,"14,99 €","19,99 €"
"Ruby on Rails 7 Microsoft Azure Docker
Ruby on Rails para principiantes desarrollando aplicaciones con Docker y MS Azure.",Fernando Zamora,"9,5 horas en total",76 ,Intermedio,"49,99 €",
"Hacking con Nmap & Nessus: Escaneos de Redes Corporativas!
Vuelvete un experto en escaneo de redes y detección de vulnerabilidades con Nessus & NMAP Técnicas de escaneo y evasión!",Educación Digital,3 horas en total,46 ,Todos los niveles,"14,99 €","19,99 €"
"Reconocimiento de Huella Dactilar en Excel
Huella dactilar en excel utilizando el lector uaeu 4500 digital persona",Educación Digital,"10,5 horas en total",33 ,Principiante,"14,99 €","19,99 €"
"Simulator Exam AZ-500 Microsoft Azure Security Technologies
Simulator Exam AZ-500 (+100 Questions with Explain)",Apasoft Training,4 horas en total,43 ,Todos los niveles,"14,99 €","24,99 €"
"Exámenes de práctica: AI-900 Fundamentos de AI en Azure
Gana confianza y aprueba el examen AI-900 Azure AI Fundamentals con la una mejor calificación en",Juan Eduardo Rios Villasmil,"1,5 horas en total",17 ,Intermedio,"14,99 €","29,99 €"
"Curso de Armado de PC Gamer y Profesional
Cómo armar tu propia PC Gamer y Profesional: Una guía Paso a Paso para formarte como un Técnico Experto.",Santiago Hernández,13 horas en total,51 ,Todos los niveles,"14,99 €","94,99 €"
"GCP Digital Leader Certificacion Examen Practico 2023
Edición 2022, Examen practico de la Certificación Google Cloud Digital Leader, 100% del examen y sus explicaciones",Francisco Misael Granados Orozco,17 horas en total,48 ,Principiante,"14,99 €","94,99 €"
"Simulador Lead Cybersecurity Professional Certificate LCSPC
Ciberseguridad PRO - Líder en Ciberseguridad",Rafael Lopez Barajas,4 horas en total,27 ,Todos los niveles,"14,99 €","64,99 €"
"Lead Cybersecurity Professional Certificate (Examen Oficial)
Ciberseguridad PRO",Pedro Oncoy,7 horas en total,56 ,Principiante,"14,99 €","19,99 €"
"SAP Business One SDK DI API usando C#
Código completo para el manejo de los objetos más utilizados en SAP BO","Alvaro Chirou • 1.300.000+ Enrollments Worldwide, Walter Coto || +400,000 Estudiantes",3 horas en total,35 ,Principiante,"14,99 €","94,99 €"
"Curso Hacking Etico | PenTesting - Curso Completo Desde CERO
Aprenda hacking ético y pruebas de penetración de los expertos en este curso completo.",Portal Ingeniería | +60.000 Students,"1,5 horas en total",16 ,Principiante,"14,99 €","19,99 €"
"Nivel 4. Aprende sobre seguridad Web3 y hacking
¡Aprenda los fundamentos de bajo nivel, pida prestado millones gratis sin garantías y soborne a los mineros!",Ever Tovar A.,"11,5 horas en total",64 ,Todos los niveles,"14,99 €","19,99 €"
"Nivel 3. Integrarse en el ecosistema
Vaya más allá de Solidity y comience a explorar herramientas, protocolos y aplicaciones del ecosistema",Jorge Ortiz,"6,5 horas en total",57 ,Todos los niveles,"14,99 €","19,99 €"
"Nivel 2. Profundiza y crea dApps
¡Explore más a fondo el mundo web3, aprenda sobre el gas, la minería y cómo funciona la Prueba de trabajo, y cree dApps!",Pedro Vargas • Ethical Hacker,24 horas en total,128 ,Todos los niveles,"14,99 €","24,99 €"
"Curso de HMI de Delta utilizando el DopSoft 4.0
Aprende hoy mismo! A tu ritmo y donde sea!",Walter Alvarez,9 horas en total,80 ,Todos los niveles,"14,99 €","89,99 €"
"Arduino vs Microcontrolador PIC
Adéntrate en el mundo de los microcontroladores",Digital Academy TEC,2 horas en total,17 ,Principiante,"14,99 €","19,99 €"
"Nivel 1. Aprende los conceptos básicos de Web3
¡Aprenda los fundamentos de Web3, configure su billetera criptográfica y entre en modo desarrollador!",Benjamin Camacho,"1,5 horas en total",37 ,Experto,"14,99 €","19,99 €"
"Máster en Inteligencia Artificial (IA) NoCode
Descubre el funcionamiento y las posibilidades de todos los tipos de Inteligencia Artificial actuales.",Allan Montero,4 horas en total,19 ,Intermedio,"14,99 €","94,99 €"
"Openshift a fondo
Contenedores , Kubernetes y Openshift (do180)",Jonny David Lezcano Algarin,"9,5 horas en total",79 ,Principiante,"14,99 €","19,99 €"
"MasterCam Para Principiantes
Diseñado para estudiantes sin ninguna experiencia en el software.",Digital Academy TEC,"10,5 horas en total",24 ,Intermedio,"14,99 €","19,99 €"
"Librerías en .NET - Humanizer, xUnit, Serilog y más
Aprende como utilizar las librerías mas importantes y útiles de .NET",Digital Academy TEC,"1,5 horas en total",14 ,Principiante,"14,99 €","19,99 €"
"Cómo hacer Campañas de Ingeniería Social
Phishing 101",José Solórzano,"19,5 horas en total",276 ,Todos los niveles,"14,99 €","49,99 €"
"CURSO DE COMPUTACION
El aprendizaje del maravilloso mundo de la computación en tus manos",Eric Alexander Sachez,"6,5 horas en total",18 ,Intermedio,"14,99 €","24,99 €"
"CISM en Español
Preparación para la Certificación",Aprende Web3,10 horas en total,76 ,Principiante,"14,99 €","29,99 €"
"Power Automate: Aprobaciones y cartas Adaptativas
Aprende a crear flujos de aprobación y recopilar datos desde Teams y Outlook",Aprende Web3,10 horas en total,87 ,Todos los niveles,"14,99 €","29,99 €"
"Powershell para Administración de Servidores y Seguridad.
Aprende Powershell desde 0, a crear scripts y herramientas para administrar y brindar seguridad a tu servidor.",Aprende Web3,31 minutos en total,6 ,Todos los niveles,"14,99 €","29,99 €"
"Moodle 4.1 para administradores
Moodle es la plataforma gratuita más utilizada en el mundo",Hernan Palacios Sala,"6,5 horas en total",74 ,Intermedio,"14,99 €","44,99 €"
"Simulador de Examen para certificación COBIT 2019 FOUNDATION
Este simulador de examen te permitira tener los cononocimientos necesarios para aprobar el Examen COBIT 2019 - de ISACA",Francisco Misael Granados Orozco,10 horas en total,57 ,Todos los niveles,"14,99 €","94,99 €"
"Hacking con JavaScript
Introducción al Pentesting Web",Aprende Web3,"5,5 horas en total",45 ,Todos los niveles,"14,99 €","29,99 €"
"Curso Completo de AWS Cloud Practitioner - Español
Aprende Cloud Computing y Aprende a trabajar con la infraestructura de Amazon AWS en Cloud","Álvaro García, Formación Certificada, Cursos Online Arquitectura, Lucía Fernández",2 horas en total,8 ,Principiante,"14,99 €","19,99 €"
"Manejo Cartografía básica digital de Colombia en ArcGIS Pro.
Aprende a gestionar la cartografía basica oficial colombiana a escala 1:25000 en ArcGIS Pro.",Marcelo Guazzardo,"13,5 horas en total",72 ,Intermedio,"14,99 €","24,99 €"
"Curso Completo FSLogix
FSLogixCalificación: 0,0 de 5",Fabian Rios Montesinos,"3,5 horas en total",33 ,Intermedio,"14,99 €","24,99 €"
"Crea una App en bluetooth utilizando Microcontroladores PIC
Crea una app en bluetooth con Microcontroladores PIC y comienza a aprender en un lenguaje sencillo",Miguel Teheran,4 horas en total,16 ,Principiante,"14,99 €","24,99 €"
"Ciberseguridad: Respuesta a Incidentes
Respuesta Ante Incidentes de Seguridad",Karina Astudillo B.,2 horas en total,29 ,Todos los niveles,"14,99 €","29,99 €"
"Aprende Ciberseguridad Fácil
Las Personas son la primera línea de Ciberdefensa",Juan Antonio Ventura Machado,"6,5 horas en total",28 ,Principiante,"14,99 €","94,99 €"
"Crea una App en bluetooth utilizando Arduino
Crea una app en bluetooth co nArduino y comienza a aprender el lenguaje de Arduino",securitypyme securitypyme,"1,5 horas en total",24 ,Todos los niveles,"14,99 €","19,99 €"
"CISCO CCNA 3: Red Empresarial, Seguridad y Automatización
Tercer curso preparatorio para aprobar el examen de certificación CCNA 200-301",Sebastian Vallejo Jimenez,"24,5 horas en total",212 ,Todos los niveles,"14,99 €","44,99 €"
"Aprende fácil ArcGIS 10.X
Aprende fácil ArcGIS paso a paso","Alvaro Chirou • 1.300.000+ Enrollments Worldwide, Walter Coto || +400,000 Estudiantes, Kevin Lopez","5,5 horas en total",45 ,Todos los niveles,"14,99 €","94,99 €"
"Curso Completo Citrix Cloud en Azure - 1Y0-150 - CC-VAD-MA
Citrix Cloud",Francisco Javier Arce Anguiano,8 horas en total,26 ,Todos los niveles,"14,99 €","19,99 €"
"Curso de FortiGate Firewall (Español)
En este curso, puede aprender la instalación y administración de Fortinet FortiGate Firewall.",Kevin A. López,2 horas en total,18 ,Principiante,"14,99 €","19,99 €"
"6 exámenes de práctica | AWS Certified Cloud Practitioner
Prepara el AWS Certified Cloud Practitioner CLF-C01 ¡390 preguntas únicas de alta calidad con explicaciones detalladas!",Yirsis Serrano,1 hora en total,15 ,Principiante,"14,99 €","94,99 €"
"Curso de PLC Delta Nivel Basico utilizando ISPsoft
Aprende hoy mismo!",Synergy Tecnologia,"1,5 horas en total",18 ,Todos los niveles,"14,99 €","94,99 €"
"SOLIDWORKS 2022: Guía completa para acreditar CSWA
Aprende SOLIDWORKS incluso si eres principiante, y termina aprobando el examen oficial CSWA de SOLIDWORKS",Diego Andrés Muñoz Guerrero,"6,5 horas en total",30 ,Intermedio,"14,99 €","19,99 €"
"Fundamentos de MPLS y Estudio de Caso (Español)
En este curso, puede aprender los conceptos básicos de MPLS mediante la aplicación de la topología de muestra.",Ivan Gomez,"2,5 horas en total",36 ,Todos los niveles,"14,99 €","19,99 €"
"Apache Guacamole: Otra manera de conectarte a tus servidores
Otra manera de accerder a tu infraestructura desde la comodidad de tu navegador preferido",Francisco Misael Granados Orozco,3 horas en total,23 ,Experto,"14,99 €","94,99 €"
"Programación de microcontroladores dsPIC33F Family-Parte I
Aprende como programar microcontroladores de 16 bits DsPIC en lenguaje C con ejemplos prácticos utilizando MplabX-XC16",Andrés Olaya,"3,5 horas en total",22 ,Todos los niveles,"49,99 €",
"Azure DevOps: Gestiona proyectos empresariales
Formación Práctica para todo lo que necesitas sobre gestionar y supervisar proyectos desde esta herramienta Cloud.",David Pereira,4 horas en total,25 ,Principiante,"14,99 €","19,99 €"
"Animación aplicada en Python con Manim
Aprende a crear animaciones matemáticas con Manim para elevar el nivel de tus clases, o canal, con mejor contenido.",Francisco Misael Granados Orozco,"3,5 horas en total",16 ,Todos los niveles,"14,99 €","94,99 €"
"Introducción Al Hacking Ético desde Cero
Aprende técnicas de Hacking Ético desde Cero 2023",Oscar Leonel Amaya Deras,"1,5 horas en total",22 ,Todos los niveles,"14,99 €","94,99 €"
"Manejo de incidentes de ciberseguridad
Incluye proceso y plantilla",Diego Andrés Muñoz Guerrero,4 horas en total,28 ,Todos los niveles,"14,99 €","19,99 €"
"Raspberry Pi Pico con Internet de las cosas en MicroPython
de lo basico a lo complejo",Ivan Gomez,11 horas en total,230 ,Todos los niveles,"14,99 €","49,99 €"
"CCNA 200-301 Simulador Completo 2022
Simulador similar al oficial de 120 + 240 preguntas temas relacionados, 5 exámenes de prueba.",Yavuz BULUT,17 horas en total,148 ,Todos los niveles,"14,99 €","19,99 €"
"Airtable. De Principiante a Experto
Aprende a Crear y Compartir Bases de Datos de Forma Sencilla. Hoja de Cálculo y Base de Datos con Superpoderes.","Joan Amengual | AWS Certified & Senior Blockchain Professional, Stephane Maarek | AWS Certified Cloud Practitioner,Solutions Architect,Developer, Abhishek Singh | 9x AWS",2 horas en total,35 ,Todos los niveles,"14,99 €","94,99 €"
"Programación Shell Script en Bash
Consiga el máximo rendimiento a su sistema operativo",Hernan Palacios Sala,"2,5 horas en total",25 ,Todos los niveles,"14,99 €","44,99 €"
"OCI simulado, Oracle Foundations Associate - +120 Preguntas
OCI simulado, Oracle Fundactions Associate - +120 Preguntas en español e inglés",Cleverk Institute,"8,5 horas en total",133 ,Todos los niveles,"14,99 €","44,99 €"
"OWASP TOP 10 - Hacking & Pentesting Web, Bug Bounty Hunting
Master en pruebas de seguridad con OWASP - Penetration testing web con múltiples herramientas de Hacking! + Laboratorios",Yavuz BULUT,40 minutos en total,12 ,Principiante,"14,99 €","19,99 €"
"Curso de Windows 365
El Windows de toda la vida ahora en la nube",Carlos Cuellar Lana,4 horas en total,50 ,Principiante,"14,99 €","54,99 €"
"Seguridad con SELinux
SELinux: Configuración, diagnostico y solución de problemas",Jhon Ore Sulca,"5,5 horas en total",38 ,Todos los niveles,"14,99 €","49,99 €"
"ISO/IEC 27001 Sistema de Gestión Seguridad de la Información
El Sistema de Gestión de Seguridad de la Información basado en ISO 27001 e ISO 27002","Alvaro Chirou • 1.300.000+ Enrollments Worldwide, Gastón Galarza",3 horas en total,14 ,Principiante,"14,99 €","94,99 €"
"Programación de PLC Studio 5000 Logix Designer - Básico
Curso de Programación de PLC Allen Bradley - Nivel Básico - Lenguaje Ladder",Augusto González-Bonorino,"3,5 horas en total",15 ,Principiante,"24,99 €",
"Automatización desde cero con simulador Factory IO
Programación de PLC 1500 y visualización en simulador Factory IO",Kevin Veizaga,"10,5 horas en total",83 ,Todos los niveles,"14,99 €","19,99 €"
"Trend Micro Deep Discovery Advanced Threat Detection 3.0
Trend Micro Deep Discovery Advanced Threat Detection 3.0 Exam [questions, images, diagrams and reliable references]",Israel Rogelio Gómez,"5,5 horas en total",69 ,Todos los niveles,"14,99 €","19,99 €"
"Instalación y configuración de PRTG Network Monitor
Monitoreo de redes y dispositivos con PRTG Network Monitor",Roger Mamani,"4,5 horas en total",14 ,Intermedio,"14,99 €","29,99 €"
"Curso Completo de AWS Certified Cloud Practitioner - Español
Aprende Cloud Computing | Prepárate para el examen de AWS Certified Cloud Practitioner CLF-C01 | ¡Con examen incluido!",Pablo Marz,3 horas en total,6 ,Principiante,"14,99 €","19,99 €"
"Maquinas Virtuales
Virtualización de sistemas operativos","Álvaro García, Cursos Online Arquitectura, Formación Certificada","1,5 horas en total",19 ,Principiante,"14,99 €","19,99 €"
"Examen AZ-500: Microsoft Azure Security Technologies
Pass your Microsoft AZ-500 Exam",Fernando Vicente,8 horas en total,36 ,Intermedio,"14,99 €","94,99 €"
"Lógica de programación con Arduino
Aprende a programar en arduino",King Tests,6 horas en total,53 ,Todos los niveles,"14,99 €","19,99 €"
"Cómo diagnosticar y reparar patinetes eléctricos (scooters)
Fórmate y encuentra trabajo rápidamente en una profesión de futuro, en un sector que crece con las crisis.",Pedro Vargas • Ethical Hacker,2 horas en total,29 ,Intermedio,"14,99 €","24,99 €"
"FTTX: La tecnología que lleva Internet a tu casa.
Gigabit Passive Optical Network",JGAITPro - Conocimiento Para TI,"4,5 horas en total",15 ,Todos los niveles,"14,99 €","19,99 €"
"Google Earth Engine Integral
Un poderoso recurso para el trabajo con imágenes satelitales",Juan Carlos Guzmán Contreras,"4,5 horas en total",30 ,Todos los niveles,"14,99 €","49,99 €"
"Curso completo sobre Anonimato, Privacidad y Deepweb
Aprende sobre Anonimato, como navegar en la Deepweb de forma segura y mejorar tu privacidad, con herramientas y Practica","Sinergia Learning Center, Daniel De Giorgio",11 horas en total,49 ,Todos los niveles,"99,99 €",
"Entrenamiento para ISTQB® Foundation Level [CTFL] (2023)
Curso completo de ISTQB con examenes resueltos, simulacros de test cronometrados para practica, tips y más! QA+Testing",Yamir Gersson Flórez Farfán,6 horas en total,43 ,Principiante,"14,99 €","19,99 €"
"Trend Micro Apex One Professional Certified Q&A
Pass the Apex One Professional - Certification Exam [questions, images, diagrams and reliable references]",Daniel Sánchez,"48,5 horas en total",365 ,Todos los niveles,"14,99 €","49,99 €"
"Crea un VPS RDP u Obten Hosting WordPress Gratis con AWS
Confiura Tu Propio VPS con Acceso RDP, Tu Propio Tunel VPN y Màs!",Fernando Villegas,"6,5 horas en total",56 ,Intermedio,"14,99 €","24,99 €"
"Fortinet: Certificación NSE7 SD-WAN
Aprenda todas habilidades necesarias para presentar el examen de certificación de especialización NSE7 SD-WAN",Juan José Pérez Figuereo,1 hora en total,13 ,Principiante,"14,99 €","19,99 €"
"AWS IoT Core con Raspberry PI
Exploremos el Internet de las Cosas: AWS IoT Core, IoT Analytics, Raspberry Pi, Sensores, NodeJS, MQTT y más desde cero.","Joan Amengual | AWS Certified & Senior Blockchain Professional, Stephane Maarek | AWS Certified Cloud Practitioner,Solutions Architect,Developer",21 horas en total,16 ,Principiante,"14,99 €","94,99 €"
"Guía práctica de Cisco DMVPN
Guía práctica completa de configuración de Cisco DMVPN básico a experto",Sergio Andrés Pinzón Bernal,"2,5 horas en total",33 ,Todos los niveles,"14,99 €","39,99 €"
"Curso de Cisco FirePower FTD | Parte-2 FMC (Español)
Puede aprender a instalar Cisco FirePower Firewall en la topología de muestra adecuada para medianas y grandes empresas.",Akira Nakamure,"2,5 horas en total",37 ,Principiante,"14,99 €","29,99 €"
"[2022] Help Desk : Simulador de Examen de Certificación
Valida tus conocimientos en Help Desk con preguntas de práctica.",Francisco Misael Granados Orozco,"41,5 horas en total",132 ,Intermedio,"14,99 €","94,99 €"
"TIA Portal Básico
Curso PLC Básico",Acadohmia - Víctor Berzal,10 horas en total,16 ,Intermedio,"14,99 €","94,99 €"
"Curso de Cisco FirePower FTD | Parte-1 FDM (Español)
Puede aprender a instalar Cisco FirePower Firewall en la topología de muestra adecuada para pequeñas y medianas empresas",Giovanni Iván Mendez,3 horas en total,13 ,Intermedio,"19,99 €",
"Azure Fundamentals al completo. AZ-900 (Versión 2022-23)
Aprende los fundamentos básicos de Azure y prepara el examen AZ-900 de Microsoft. Adaptado al cambio de Mayo de 2022",Gustavo Bonorino,3 horas en total,43 ,Todos los niveles,"14,99 €","24,99 €"
"Creación de aplicaciones y juegos iOS - AppStore 2022/2023
Desarrolla y monetiza juegos y aplicaciones para iOS y la App Store desde cero a profesional sin experiencia previa","Alvaro Chirou • 1.300.000+ Enrollments Worldwide, Walter Coto || +400,000 Estudiantes",10 horas en total,50 ,Principiante,"14,99 €","94,99 €"
"Cómo Detectar, Prevenir y Eliminar Virus Informáticos
En este curso descubrirás métodos probados para Detectar y Eliminar Virus, como evitar Malware, desencriptar datos, etc.",Esteban Balvin,10 horas en total,130 ,Todos los niveles,"14,99 €","19,99 €"
"Análisis Espacial con Rstudio básico para Windows
R,RstudioCalificación: 5,0 de 5",Fernando Villegas,42 minutos en total,6 ,Principiante,"14,99 €","24,99 €"
"Introducción a la metodología Scrum
Basado en la última versión de la Guía Oficial de Scrum",Luis Enrique Pena,"13,5 horas en total",75 ,Todos los niveles,"14,99 €","19,99 €"
"Blue Prism Technical Arquitect certification ATA02
Certified questions & answers - Updated August 2022",Eduardo Nazareno Anselmi,2 horas en total,54 ,Principiante,"14,99 €","94,99 €"
"[2022] PCI Professional (PCIP): Simulador de examen
Entrénate para el examen de certificación de PCI Professional y da a conocer de esa forma tu experiencia y conocimientos",Andrés Meza,13 horas en total,89 ,Principiante,"14,99 €","54,99 €"
"SQL Server 2022
SQL Server Aprende bases de datos, consultas, funciones, tablas y mucho más.",Julio Eduardo Moisa,"3,5 horas en total",25 ,Principiante,"14,99 €","19,99 €"
"Curso en Administración Ecommerce con Magento 2
Aprende a gestionar una tienda online con Magento 2, desde cero.",Yavuz BULUT,"3,5 horas en total",34 ,Todos los niveles,"14,99 €","19,99 €"
"Curso de F5 BIG-IP Local Traffic Manager | LTM (Español)
Al tomar este curso, puede aprender a instalar y administrar el balanceador de carga F5 LTM.",IT Cert,"5,5 horas en total",50 ,Intermedio,"14,99 €","19,99 €"
"Instalaciones y Actualizaciones del software de PostgreSQL
Aprende a instalar PostgreSQL y a realizar Actualizaciones de versión menor y mayor con mínima pérdida de servicio",Javier Salinas,"12,5 horas en total",85 ,Intermedio,"14,99 €","24,99 €"
"Curso Completo de Termux 2022
mejorando la practica en termux",Yavuz BULUT,3 horas en total,29 ,Intermedio,"14,99 €","19,99 €"
"Hacking Ético con Python
Aprende las tecnias del hacking etico con un lenguaje potente.",Apasoft Training,"7,5 horas en total",71 ,Todos los niveles,"14,99 €","19,99 €"
"Virtualización de sistemas operativos con VirtualBox
Curso de máquinas virtuales con VirtualBox",Jorge Sanz Saez,13 horas en total,23 ,Todos los niveles,"14,99 €","94,99 €"
"El curso completo de hacking ético de Nmap, Zenmap, Shodan
Curso completo de Nmap",José Contreras,1 hora en total,31 ,Principiante,"109,99 €",
"Curso hacking ético, Técnicas Fundamentales Hacking Social
Hacking Social para iniciantes",Sean Reyes,4 horas en total,40 ,Todos los niveles,"14,99 €","19,99 €"
"AZ-104 Microsoft Azure Administrator en Español Marzo 2023
Conviértete en AzureAdministrator.Certifícate con el curso AZ-104 Azure Administrator! Incluye Labs + Práctica de Examen",IT Cert,11 horas en total,15 ,Intermedio,"14,99 €","19,99 €"
"HTML y CSS Desde Cero 2023 - Flexbox, Grid, SASS, Responsive
Desarrolla sitios web increíbles con HTML y CSS, Desde Cero hasta Profesional, Flexbox, Grid, SASS, Responsive y más",Tomb R,2 horas en total,20 ,Todos los niveles,"14,99 €","49,99 €"
"Git: Essential Guide
Integration Code - Version Control",Pedro Oncoy,"24,5 horas en total",113 ,Principiante,"14,99 €","24,99 €"
"Curso GNU/LINUX , Para ciberseguridad con Kali y Parrot OS
Linux para ciberseguridad",Alvaro Guerra,2 horas en total,27 ,Todos los niveles,"14,99 €","84,99 €"
"AWS Machine Learning Specialty (MLS-C01) en Español
Aprende servicios de AWS para crear soluciones de ML y aprueba el examen MLS-C01","Luis Muñoz, Fernando Muñoz","4,5 horas en total",25 ,Todos los niveles,"109,99 €",
"¿Como funciona el internet?
Fundamentos de las redes",Yavuz BULUT,19 horas en total,122 ,Principiante,"14,99 €","19,99 €"
"ESRI ArcGIS Online desde cero: Curso completo
Creación de mapas online, geoportales, y aplicaciones web enfocadas en la geografía en la nube",Loles Ferrándiz,"7,5 horas en total",98 ,Todos los niveles,"14,99 €","49,99 €"
"SAP EDI / IDOC Completo en Español
Conviertete en experto en SAP EDI / IDOC",Jerónimo González Enríquez,"3,5 horas en total",42 ,Principiante,"14,99 €","94,99 €"
"Log Centralizado con CentOS8 - Rsyslog, logrotate y NagiosLS
Instalación y configuración básica de un Syslog Server en CentOS 8, rsyslog, logrotate e integración básica de NagiosLS",Brian De Vita,"7,5 horas en total",16 ,Intermedio,"14,99 €","94,99 €"
"Ciberseguridad - Seguridad informática para redes, iníciate
¡Aprende seguridad informática relacionada con las grandes redes de las empresas de manera práctica! ¡Iníciate!",Jesús Miguel Acosta Flores,"1,5 horas en total",9 ,Todos los niveles,"14,99 €","39,99 €"
"Blockchain Certificación Oficial BCPC de Certiprof 2023
Prepárate para los trabajos del futuro con Blockchain y la Industria 4.0. Aprueba la Certificación BCPC de Certiprof",Tiugre Palma,42 minutos en total,10 ,Principiante,"14,99 €","19,99 €"
"Aprende a reparar controles de videojuegos desde cero
Curso intensivo desde cero en electrónica enfocada a controles de videojuegos e introducción breve a consolas",Tiugre Palma,"10,5 horas en total",49 ,Intermedio,"14,99 €","19,99 €"
"Implementacion de Cisco DMVPN
Implementacion de Cisco DMVPN",David R,"10,5 horas en total",125 ,Principiante,"14,99 €","69,99 €"
"Curso Basico de Cadworx Plant para Principiantes
Este curso es la iniciación al Programa Cadworx Plant, uno de los mejores y mas poderosos modeladores para plantas ind.",Manuel Martín,13 horas en total,36 ,Experto,"14,99 €","94,99 €"
"Curso Basico de CCTV
Curso Instalador de CCTV",Darwin J. Pérez G.,"4,5 horas en total",42 ,Principiante,"14,99 €","19,99 €"
"Hacking y Pentesting: Pivoting, Tunneling y Port Fordwarding
Aprende a moverte entre segmentos de red",Tiugre Palma,6 horas en total,54 ,Todos los niveles,"14,99 €","19,99 €"
